{
  "means": {
    "shape": [
      240100,
      3
    ],
    "dtype": "float32",
    "mins": [
      -0.32091420888900757,
      -0.3935081362724304,
      -0.21319591999053955
    ],
    "maxs": [
      0.3373786211013794,
      0.2949807941913605,
      0.18478170037269592
    ],
    "files": [
      "means_l.webp",
      "means_u.webp"
    ]
  },
  "scales": {
    "shape": [
      240100,
      3
    ],
    "dtype": "float32",
    "mins": [
      -20.0,
      -20.0,
      -19.999996185302734
    ],
    "maxs": [
      -4.3214311599731445,
      -4.3214311599731445,
      -4.3214311599731445
    ],
    "files": [
      "scales.webp"
    ]
  },
  "quats": {
    "shape": [
      240100,
      4
    ],
    "dtype": "uint8",
    "encoding": "quaternion_packed",
    "files": [
      "quats.webp"
    ]
  },
  "sh0": {
    "shape": [
      240100,
      1,
      4
    ],
    "dtype": "float32",
    "mins": [
      -8.497977256774902,
      -7.742784023284912,
      -19.999826431274414,
      -19.948514938354492
    ],
    "maxs": [
      7.029494285583496,
      6.485135078430176,
      10.084677696228027,
      15.597821235656738
    ],
    "files": [
      "sh0.webp"
    ]
  }
}