{
  "means": {
    "shape": [
      240100,
      3
    ],
    "dtype": "float32",
    "mins": [
      -0.32582715153694153,
      -0.38990435004234314,
      -0.20388546586036682
    ],
    "maxs": [
      0.3601411283016205,
      0.2806156873703003,
      0.185342937707901
    ],
    "files": [
      "means_l.webp",
      "means_u.webp"
    ]
  },
  "scales": {
    "shape": [
      240100,
      3
    ],
    "dtype": "float32",
    "mins": [
      -20.0,
      -20.0,
      -19.999998092651367
    ],
    "maxs": [
      -4.3214311599731445,
      -4.3214311599731445,
      -4.3214311599731445
    ],
    "files": [
      "scales.webp"
    ]
  },
  "quats": {
    "shape": [
      240100,
      4
    ],
    "dtype": "uint8",
    "encoding": "quaternion_packed",
    "files": [
      "quats.webp"
    ]
  },
  "sh0": {
    "shape": [
      240100,
      1,
      4
    ],
    "dtype": "float32",
    "mins": [
      -8.672907829284668,
      -8.536133766174316,
      -19.999853134155273,
      -19.95816421508789
    ],
    "maxs": [
      7.506361484527588,
      6.473283767700195,
      10.195686340332031,
      14.71776008605957
    ],
    "files": [
      "sh0.webp"
    ]
  }
}