{
  "means": {
    "shape": [
      240100,
      3
    ],
    "dtype": "float32",
    "mins": [
      -0.375214159488678,
      -0.4015558063983917,
      -0.24501343071460724
    ],
    "maxs": [
      0.311396986246109,
      0.29111477732658386,
      0.1880781650543213
    ],
    "files": [
      "means_l.webp",
      "means_u.webp"
    ]
  },
  "scales": {
    "shape": [
      240100,
      3
    ],
    "dtype": "float32",
    "mins": [
      -20.0,
      -20.0,
      -19.999998092651367
    ],
    "maxs": [
      -4.3214311599731445,
      -4.3214311599731445,
      -4.3214311599731445
    ],
    "files": [
      "scales.webp"
    ]
  },
  "quats": {
    "shape": [
      240100,
      4
    ],
    "dtype": "uint8",
    "encoding": "quaternion_packed",
    "files": [
      "quats.webp"
    ]
  },
  "sh0": {
    "shape": [
      240100,
      1,
      4
    ],
    "dtype": "float32",
    "mins": [
      -8.266538619995117,
      -7.2161030769348145,
      -19.999801635742188,
      -19.95060920715332
    ],
    "maxs": [
      7.743823051452637,
      8.402897834777832,
      10.484620094299316,
      14.958293914794922
    ],
    "files": [
      "sh0.webp"
    ]
  }
}