{
  "means": {
    "shape": [
      240100,
      3
    ],
    "dtype": "float32",
    "mins": [
      -0.3610284626483917,
      -0.393354207277298,
      -0.20644845068454742
    ],
    "maxs": [
      0.34182900190353394,
      0.26082292199134827,
      0.17992983758449554
    ],
    "files": [
      "means_l.webp",
      "means_u.webp"
    ]
  },
  "scales": {
    "shape": [
      240100,
      3
    ],
    "dtype": "float32",
    "mins": [
      -20.0,
      -20.0,
      -19.999998092651367
    ],
    "maxs": [
      -4.3214311599731445,
      -4.3214311599731445,
      -4.3214311599731445
    ],
    "files": [
      "scales.webp"
    ]
  },
  "quats": {
    "shape": [
      240100,
      4
    ],
    "dtype": "uint8",
    "encoding": "quaternion_packed",
    "files": [
      "quats.webp"
    ]
  },
  "sh0": {
    "shape": [
      240100,
      1,
      4
    ],
    "dtype": "float32",
    "mins": [
      -7.956761360168457,
      -7.799358367919922,
      -19.99991226196289,
      -19.956256866455078
    ],
    "maxs": [
      7.8930206298828125,
      7.551880359649658,
      9.83160400390625,
      16.068450927734375
    ],
    "files": [
      "sh0.webp"
    ]
  }
}