{
  "means": {
    "shape": [
      240100,
      3
    ],
    "dtype": "float32",
    "mins": [
      -0.3738890290260315,
      -0.39402106404304504,
      -0.24619543552398682
    ],
    "maxs": [
      0.3221891522407532,
      0.2632736563682556,
      0.17806339263916016
    ],
    "files": [
      "means_l.webp",
      "means_u.webp"
    ]
  },
  "scales": {
    "shape": [
      240100,
      3
    ],
    "dtype": "float32",
    "mins": [
      -20.0,
      -20.0,
      -19.999998092651367
    ],
    "maxs": [
      -4.3214311599731445,
      -4.3214311599731445,
      -4.3214311599731445
    ],
    "files": [
      "scales.webp"
    ]
  },
  "quats": {
    "shape": [
      240100,
      4
    ],
    "dtype": "uint8",
    "encoding": "quaternion_packed",
    "files": [
      "quats.webp"
    ]
  },
  "sh0": {
    "shape": [
      240100,
      1,
      4
    ],
    "dtype": "float32",
    "mins": [
      -7.958719730377197,
      -7.690293788909912,
      -19.99988555908203,
      -19.942176818847656
    ],
    "maxs": [
      7.834168434143066,
      7.70204496383667,
      9.15235424041748,
      16.51464080810547
    ],
    "files": [
      "sh0.webp"
    ]
  }
}