{
  "means": {
    "shape": [
      240100,
      3
    ],
    "dtype": "float32",
    "mins": [
      -0.39936569333076477,
      -0.38097503781318665,
      -0.25701889395713806
    ],
    "maxs": [
      0.34783437848091125,
      0.27153998613357544,
      0.18293410539627075
    ],
    "files": [
      "means_l.webp",
      "means_u.webp"
    ]
  },
  "scales": {
    "shape": [
      240100,
      3
    ],
    "dtype": "float32",
    "mins": [
      -20.0,
      -20.0,
      -19.999998092651367
    ],
    "maxs": [
      -4.3214311599731445,
      -4.3214311599731445,
      -4.3214311599731445
    ],
    "files": [
      "scales.webp"
    ]
  },
  "quats": {
    "shape": [
      240100,
      4
    ],
    "dtype": "uint8",
    "encoding": "quaternion_packed",
    "files": [
      "quats.webp"
    ]
  },
  "sh0": {
    "shape": [
      240100,
      1,
      4
    ],
    "dtype": "float32",
    "mins": [
      -7.14326286315918,
      -7.420191287994385,
      -19.999807357788086,
      -19.945131301879883
    ],
    "maxs": [
      7.476864337921143,
      7.852000713348389,
      9.39618968963623,
      15.906462669372559
    ],
    "files": [
      "sh0.webp"
    ]
  }
}