{
  "means": {
    "shape": [
      240100,
      3
    ],
    "dtype": "float32",
    "mins": [
      -0.38443559408187866,
      -0.3831765055656433,
      -0.20414520800113678
    ],
    "maxs": [
      0.35371583700180054,
      0.2600253224372864,
      0.2501518428325653
    ],
    "files": [
      "means_l.webp",
      "means_u.webp"
    ]
  },
  "scales": {
    "shape": [
      240100,
      3
    ],
    "dtype": "float32",
    "mins": [
      -20.0,
      -19.999998092651367,
      -19.999996185302734
    ],
    "maxs": [
      -4.3214311599731445,
      -4.3214311599731445,
      -4.3214311599731445
    ],
    "files": [
      "scales.webp"
    ]
  },
  "quats": {
    "shape": [
      240100,
      4
    ],
    "dtype": "uint8",
    "encoding": "quaternion_packed",
    "files": [
      "quats.webp"
    ]
  },
  "sh0": {
    "shape": [
      240100,
      1,
      4
    ],
    "dtype": "float32",
    "mins": [
      -8.133325576782227,
      -7.462940216064453,
      -19.999710083007812,
      -19.93145751953125
    ],
    "maxs": [
      6.930543899536133,
      7.820818901062012,
      9.731691360473633,
      14.656153678894043
    ],
    "files": [
      "sh0.webp"
    ]
  }
}