{
  "means": {
    "shape": [
      240100,
      3
    ],
    "dtype": "float32",
    "mins": [
      -0.40546512603759766,
      -0.3731915354728699,
      -0.2815289795398712
    ],
    "maxs": [
      0.36145418882369995,
      0.2716406583786011,
      0.1826072335243225
    ],
    "files": [
      "means_l.webp",
      "means_u.webp"
    ]
  },
  "scales": {
    "shape": [
      240100,
      3
    ],
    "dtype": "float32",
    "mins": [
      -20.0,
      -19.999998092651367,
      -19.999996185302734
    ],
    "maxs": [
      -4.3214311599731445,
      -4.3214311599731445,
      -4.3214311599731445
    ],
    "files": [
      "scales.webp"
    ]
  },
  "quats": {
    "shape": [
      240100,
      4
    ],
    "dtype": "uint8",
    "encoding": "quaternion_packed",
    "files": [
      "quats.webp"
    ]
  },
  "sh0": {
    "shape": [
      240100,
      1,
      4
    ],
    "dtype": "float32",
    "mins": [
      -7.127423286437988,
      -7.250740051269531,
      -19.999753952026367,
      -19.94470977783203
    ],
    "maxs": [
      7.167568206787109,
      7.455615997314453,
      8.986923217773438,
      15.83736515045166
    ],
    "files": [
      "sh0.webp"
    ]
  }
}