{
  "means": {
    "shape": [
      240100,
      3
    ],
    "dtype": "float32",
    "mins": [
      -0.3777655065059662,
      -0.40112820267677307,
      -0.2403406798839569
    ],
    "maxs": [
      0.3205171823501587,
      0.2850581109523773,
      0.1867745965719223
    ],
    "files": [
      "means_l.webp",
      "means_u.webp"
    ]
  },
  "scales": {
    "shape": [
      240100,
      3
    ],
    "dtype": "float32",
    "mins": [
      -20.0,
      -20.0,
      -19.999998092651367
    ],
    "maxs": [
      -4.3214311599731445,
      -4.3214311599731445,
      -4.3214311599731445
    ],
    "files": [
      "scales.webp"
    ]
  },
  "quats": {
    "shape": [
      240100,
      4
    ],
    "dtype": "uint8",
    "encoding": "quaternion_packed",
    "files": [
      "quats.webp"
    ]
  },
  "sh0": {
    "shape": [
      240100,
      1,
      4
    ],
    "dtype": "float32",
    "mins": [
      -7.822956085205078,
      -7.220005512237549,
      -19.99984359741211,
      -19.951976776123047
    ],
    "maxs": [
      7.472934722900391,
      7.968335151672363,
      9.940637588500977,
      14.79104995727539
    ],
    "files": [
      "sh0.webp"
    ]
  }
}