{
  "means": {
    "shape": [
      240100,
      3
    ],
    "dtype": "float32",
    "mins": [
      -0.4051705598831177,
      -0.37409499287605286,
      -0.2836933434009552
    ],
    "maxs": [
      0.3593127131462097,
      0.27066922187805176,
      0.18257370591163635
    ],
    "files": [
      "means_l.webp",
      "means_u.webp"
    ]
  },
  "scales": {
    "shape": [
      240100,
      3
    ],
    "dtype": "float32",
    "mins": [
      -20.0,
      -20.0,
      -19.999996185302734
    ],
    "maxs": [
      -4.3214311599731445,
      -4.3214311599731445,
      -4.3214311599731445
    ],
    "files": [
      "scales.webp"
    ]
  },
  "quats": {
    "shape": [
      240100,
      4
    ],
    "dtype": "uint8",
    "encoding": "quaternion_packed",
    "files": [
      "quats.webp"
    ]
  },
  "sh0": {
    "shape": [
      240100,
      1,
      4
    ],
    "dtype": "float32",
    "mins": [
      -7.2188239097595215,
      -7.246936798095703,
      -19.999774932861328,
      -19.94583511352539
    ],
    "maxs": [
      7.105227470397949,
      7.380836009979248,
      8.904220581054688,
      15.892544746398926
    ],
    "files": [
      "sh0.webp"
    ]
  }
}