{
  "means": {
    "shape": [
      240100,
      3
    ],
    "dtype": "float32",
    "mins": [
      -0.36591285467147827,
      -0.39660021662712097,
      -0.25555577874183655
    ],
    "maxs": [
      0.3193322718143463,
      0.2878681719303131,
      0.18818217515945435
    ],
    "files": [
      "means_l.webp",
      "means_u.webp"
    ]
  },
  "scales": {
    "shape": [
      240100,
      3
    ],
    "dtype": "float32",
    "mins": [
      -20.0,
      -20.0,
      -19.999998092651367
    ],
    "maxs": [
      -4.3214311599731445,
      -4.3214311599731445,
      -4.3214311599731445
    ],
    "files": [
      "scales.webp"
    ]
  },
  "quats": {
    "shape": [
      240100,
      4
    ],
    "dtype": "uint8",
    "encoding": "quaternion_packed",
    "files": [
      "quats.webp"
    ]
  },
  "sh0": {
    "shape": [
      240100,
      1,
      4
    ],
    "dtype": "float32",
    "mins": [
      -7.924777030944824,
      -7.423219203948975,
      -19.9997615814209,
      -19.947280883789062
    ],
    "maxs": [
      7.625160217285156,
      8.010719299316406,
      10.397892951965332,
      15.207329750061035
    ],
    "files": [
      "sh0.webp"
    ]
  }
}