{
  "means": {
    "shape": [
      240100,
      3
    ],
    "dtype": "float32",
    "mins": [
      -0.3602462410926819,
      -0.38263532519340515,
      -0.21848753094673157
    ],
    "maxs": [
      0.3397086262702942,
      0.29384714365005493,
      0.18953154981136322
    ],
    "files": [
      "means_l.webp",
      "means_u.webp"
    ]
  },
  "scales": {
    "shape": [
      240100,
      3
    ],
    "dtype": "float32",
    "mins": [
      -20.0,
      -20.0,
      -19.999998092651367
    ],
    "maxs": [
      -4.3214311599731445,
      -4.3214311599731445,
      -4.3214311599731445
    ],
    "files": [
      "scales.webp"
    ]
  },
  "quats": {
    "shape": [
      240100,
      4
    ],
    "dtype": "uint8",
    "encoding": "quaternion_packed",
    "files": [
      "quats.webp"
    ]
  },
  "sh0": {
    "shape": [
      240100,
      1,
      4
    ],
    "dtype": "float32",
    "mins": [
      -7.505166530609131,
      -7.538206577301025,
      -19.999736785888672,
      -19.946102142333984
    ],
    "maxs": [
      7.815169811248779,
      7.217756271362305,
      10.034829139709473,
      14.696121215820312
    ],
    "files": [
      "sh0.webp"
    ]
  }
}