{
  "means": {
    "shape": [
      240100,
      3
    ],
    "dtype": "float32",
    "mins": [
      -0.3936839997768402,
      -0.39109355211257935,
      -0.2595452666282654
    ],
    "maxs": [
      0.336046427488327,
      0.27146923542022705,
      0.18294811248779297
    ],
    "files": [
      "means_l.webp",
      "means_u.webp"
    ]
  },
  "scales": {
    "shape": [
      240100,
      3
    ],
    "dtype": "float32",
    "mins": [
      -20.0,
      -20.0,
      -19.999998092651367
    ],
    "maxs": [
      -4.3214311599731445,
      -4.3214311599731445,
      -4.3214311599731445
    ],
    "files": [
      "scales.webp"
    ]
  },
  "quats": {
    "shape": [
      240100,
      4
    ],
    "dtype": "uint8",
    "encoding": "quaternion_packed",
    "files": [
      "quats.webp"
    ]
  },
  "sh0": {
    "shape": [
      240100,
      1,
      4
    ],
    "dtype": "float32",
    "mins": [
      -7.272008895874023,
      -7.526092529296875,
      -19.99983024597168,
      -19.945066452026367
    ],
    "maxs": [
      7.50911283493042,
      7.955540657043457,
      9.4847993850708,
      15.993263244628906
    ],
    "files": [
      "sh0.webp"
    ]
  }
}