{
  "means": {
    "shape": [
      240100,
      3
    ],
    "dtype": "float32",
    "mins": [
      -0.39599502086639404,
      -0.3764789402484894,
      -0.2567596733570099
    ],
    "maxs": [
      0.3380027711391449,
      0.278461754322052,
      0.18281058967113495
    ],
    "files": [
      "means_l.webp",
      "means_u.webp"
    ]
  },
  "scales": {
    "shape": [
      240100,
      3
    ],
    "dtype": "float32",
    "mins": [
      -20.0,
      -20.0,
      -19.999998092651367
    ],
    "maxs": [
      -4.3214311599731445,
      -4.3214311599731445,
      -4.3214311599731445
    ],
    "files": [
      "scales.webp"
    ]
  },
  "quats": {
    "shape": [
      240100,
      4
    ],
    "dtype": "uint8",
    "encoding": "quaternion_packed",
    "files": [
      "quats.webp"
    ]
  },
  "sh0": {
    "shape": [
      240100,
      1,
      4
    ],
    "dtype": "float32",
    "mins": [
      -8.002131462097168,
      -7.9250640869140625,
      -19.99993133544922,
      -19.961835861206055
    ],
    "maxs": [
      7.779261589050293,
      9.27604866027832,
      10.877382278442383,
      15.845901489257812
    ],
    "files": [
      "sh0.webp"
    ]
  }
}