{
  "means": {
    "shape": [
      240100,
      3
    ],
    "dtype": "float32",
    "mins": [
      -0.368899405002594,
      -0.3893153965473175,
      -0.22767797112464905
    ],
    "maxs": [
      0.33467480540275574,
      0.2819632887840271,
      0.18624165654182434
    ],
    "files": [
      "means_l.webp",
      "means_u.webp"
    ]
  },
  "scales": {
    "shape": [
      240100,
      3
    ],
    "dtype": "float32",
    "mins": [
      -20.0,
      -20.0,
      -19.999998092651367
    ],
    "maxs": [
      -4.3214311599731445,
      -4.3214311599731445,
      -4.3214311599731445
    ],
    "files": [
      "scales.webp"
    ]
  },
  "quats": {
    "shape": [
      240100,
      4
    ],
    "dtype": "uint8",
    "encoding": "quaternion_packed",
    "files": [
      "quats.webp"
    ]
  },
  "sh0": {
    "shape": [
      240100,
      1,
      4
    ],
    "dtype": "float32",
    "mins": [
      -8.027589797973633,
      -7.312370300292969,
      -19.999839782714844,
      -19.952463150024414
    ],
    "maxs": [
      7.4726715087890625,
      7.561673641204834,
      10.127376556396484,
      14.899293899536133
    ],
    "files": [
      "sh0.webp"
    ]
  }
}