{
  "means": {
    "shape": [
      240100,
      3
    ],
    "dtype": "float32",
    "mins": [
      -0.33524924516677856,
      -0.3892658054828644,
      -0.20787456631660461
    ],
    "maxs": [
      0.34327179193496704,
      0.2852655053138733,
      0.18481327593326569
    ],
    "files": [
      "means_l.webp",
      "means_u.webp"
    ]
  },
  "scales": {
    "shape": [
      240100,
      3
    ],
    "dtype": "float32",
    "mins": [
      -20.0,
      -20.0,
      -19.999998092651367
    ],
    "maxs": [
      -4.3214311599731445,
      -4.3214311599731445,
      -4.3214311599731445
    ],
    "files": [
      "scales.webp"
    ]
  },
  "quats": {
    "shape": [
      240100,
      4
    ],
    "dtype": "uint8",
    "encoding": "quaternion_packed",
    "files": [
      "quats.webp"
    ]
  },
  "sh0": {
    "shape": [
      240100,
      1,
      4
    ],
    "dtype": "float32",
    "mins": [
      -8.336906433105469,
      -7.776344299316406,
      -19.99984359741211,
      -19.95140838623047
    ],
    "maxs": [
      7.377779960632324,
      6.7230753898620605,
      9.95531177520752,
      15.376276969909668
    ],
    "files": [
      "sh0.webp"
    ]
  }
}