{
  "means": {
    "shape": [
      240100,
      3
    ],
    "dtype": "float32",
    "mins": [
      -0.373435914516449,
      -0.3920761048793793,
      -0.23271264135837555
    ],
    "maxs": [
      0.3345581293106079,
      0.2669179439544678,
      0.17943017184734344
    ],
    "files": [
      "means_l.webp",
      "means_u.webp"
    ]
  },
  "scales": {
    "shape": [
      240100,
      3
    ],
    "dtype": "float32",
    "mins": [
      -20.0,
      -20.0,
      -19.999998092651367
    ],
    "maxs": [
      -4.3214311599731445,
      -4.3214311599731445,
      -4.3214311599731445
    ],
    "files": [
      "scales.webp"
    ]
  },
  "quats": {
    "shape": [
      240100,
      4
    ],
    "dtype": "uint8",
    "encoding": "quaternion_packed",
    "files": [
      "quats.webp"
    ]
  },
  "sh0": {
    "shape": [
      240100,
      1,
      4
    ],
    "dtype": "float32",
    "mins": [
      -7.9773054122924805,
      -7.831024169921875,
      -19.999908447265625,
      -19.955303192138672
    ],
    "maxs": [
      8.007224082946777,
      7.854915142059326,
      9.735247611999512,
      16.172399520874023
    ],
    "files": [
      "sh0.webp"
    ]
  }
}