{
  "means": {
    "shape": [
      240100,
      3
    ],
    "dtype": "float32",
    "mins": [
      -0.3651934862136841,
      -0.39476004242897034,
      -0.22808024287223816
    ],
    "maxs": [
      0.31794705986976624,
      0.291121244430542,
      0.1876462697982788
    ],
    "files": [
      "means_l.webp",
      "means_u.webp"
    ]
  },
  "scales": {
    "shape": [
      240100,
      3
    ],
    "dtype": "float32",
    "mins": [
      -20.0,
      -20.0,
      -19.999998092651367
    ],
    "maxs": [
      -4.3214311599731445,
      -4.3214311599731445,
      -4.3214311599731445
    ],
    "files": [
      "scales.webp"
    ]
  },
  "quats": {
    "shape": [
      240100,
      4
    ],
    "dtype": "uint8",
    "encoding": "quaternion_packed",
    "files": [
      "quats.webp"
    ]
  },
  "sh0": {
    "shape": [
      240100,
      1,
      4
    ],
    "dtype": "float32",
    "mins": [
      -8.306754112243652,
      -7.259120464324951,
      -19.999792098999023,
      -19.94479751586914
    ],
    "maxs": [
      7.62276554107666,
      8.04051399230957,
      10.34602165222168,
      15.13858413696289
    ],
    "files": [
      "sh0.webp"
    ]
  }
}