{
  "means": {
    "shape": [
      240100,
      3
    ],
    "dtype": "float32",
    "mins": [
      -0.3784015476703644,
      -0.40213844180107117,
      -0.22870945930480957
    ],
    "maxs": [
      0.3163861036300659,
      0.2870444655418396,
      0.1873726099729538
    ],
    "files": [
      "means_l.webp",
      "means_u.webp"
    ]
  },
  "scales": {
    "shape": [
      240100,
      3
    ],
    "dtype": "float32",
    "mins": [
      -20.0,
      -20.0,
      -19.999998092651367
    ],
    "maxs": [
      -4.3214311599731445,
      -4.3214311599731445,
      -4.3214311599731445
    ],
    "files": [
      "scales.webp"
    ]
  },
  "quats": {
    "shape": [
      240100,
      4
    ],
    "dtype": "uint8",
    "encoding": "quaternion_packed",
    "files": [
      "quats.webp"
    ]
  },
  "sh0": {
    "shape": [
      240100,
      1,
      4
    ],
    "dtype": "float32",
    "mins": [
      -8.114670753479004,
      -7.24543571472168,
      -19.99983787536621,
      -19.951154708862305
    ],
    "maxs": [
      7.656402111053467,
      8.2196683883667,
      10.020699501037598,
      14.535093307495117
    ],
    "files": [
      "sh0.webp"
    ]
  }
}