{
  "means": {
    "shape": [
      240100,
      3
    ],
    "dtype": "float32",
    "mins": [
      -0.3241802155971527,
      -0.3922359049320221,
      -0.22385501861572266
    ],
    "maxs": [
      0.34517788887023926,
      0.28517648577690125,
      0.18411442637443542
    ],
    "files": [
      "means_l.webp",
      "means_u.webp"
    ]
  },
  "scales": {
    "shape": [
      240100,
      3
    ],
    "dtype": "float32",
    "mins": [
      -20.0,
      -20.0,
      -19.9999942779541
    ],
    "maxs": [
      -4.3214311599731445,
      -4.3214311599731445,
      -4.3214311599731445
    ],
    "files": [
      "scales.webp"
    ]
  },
  "quats": {
    "shape": [
      240100,
      4
    ],
    "dtype": "uint8",
    "encoding": "quaternion_packed",
    "files": [
      "quats.webp"
    ]
  },
  "sh0": {
    "shape": [
      240100,
      1,
      4
    ],
    "dtype": "float32",
    "mins": [
      -8.404882431030273,
      -7.808516502380371,
      -19.999818801879883,
      -19.951330184936523
    ],
    "maxs": [
      6.796006202697754,
      6.399054050445557,
      9.9268159866333,
      15.439953804016113
    ],
    "files": [
      "sh0.webp"
    ]
  }
}