{
  "means": {
    "shape": [
      240100,
      3
    ],
    "dtype": "float32",
    "mins": [
      -0.40546512603759766,
      -0.36275342106819153,
      -0.2570052444934845
    ],
    "maxs": [
      0.3765958547592163,
      0.28427162766456604,
      0.18457598984241486
    ],
    "files": [
      "means_l.webp",
      "means_u.webp"
    ]
  },
  "scales": {
    "shape": [
      240100,
      3
    ],
    "dtype": "float32",
    "mins": [
      -20.0,
      -20.0,
      -19.999996185302734
    ],
    "maxs": [
      -4.3214311599731445,
      -4.3214311599731445,
      -4.3214311599731445
    ],
    "files": [
      "scales.webp"
    ]
  },
  "quats": {
    "shape": [
      240100,
      4
    ],
    "dtype": "uint8",
    "encoding": "quaternion_packed",
    "files": [
      "quats.webp"
    ]
  },
  "sh0": {
    "shape": [
      240100,
      1,
      4
    ],
    "dtype": "float32",
    "mins": [
      -6.913304328918457,
      -7.285823822021484,
      -19.999799728393555,
      -19.9456844329834
    ],
    "maxs": [
      7.097198963165283,
      8.006769180297852,
      9.905762672424316,
      15.00632381439209
    ],
    "files": [
      "sh0.webp"
    ]
  }
}