{
  "means": {
    "shape": [
      240100,
      3
    ],
    "dtype": "float32",
    "mins": [
      -0.40546512603759766,
      -0.36269351840019226,
      -0.2938927114009857
    ],
    "maxs": [
      0.3774939775466919,
      0.28570666909217834,
      0.1858266443014145
    ],
    "files": [
      "means_l.webp",
      "means_u.webp"
    ]
  },
  "scales": {
    "shape": [
      240100,
      3
    ],
    "dtype": "float32",
    "mins": [
      -20.0,
      -20.0,
      -19.999998092651367
    ],
    "maxs": [
      -4.3214311599731445,
      -4.3214311599731445,
      -4.3214311599731445
    ],
    "files": [
      "scales.webp"
    ]
  },
  "quats": {
    "shape": [
      240100,
      4
    ],
    "dtype": "uint8",
    "encoding": "quaternion_packed",
    "files": [
      "quats.webp"
    ]
  },
  "sh0": {
    "shape": [
      240100,
      1,
      4
    ],
    "dtype": "float32",
    "mins": [
      -7.882859706878662,
      -7.366199970245361,
      -19.999820709228516,
      -19.9566593170166
    ],
    "maxs": [
      7.006457328796387,
      7.77716588973999,
      9.902300834655762,
      15.319504737854004
    ],
    "files": [
      "sh0.webp"
    ]
  }
}