{
  "means": {
    "shape": [
      240100,
      3
    ],
    "dtype": "float32",
    "mins": [
      -0.3730532228946686,
      -0.37820184230804443,
      -0.1723642498254776
    ],
    "maxs": [
      0.3766198754310608,
      0.28820398449897766,
      0.2680456340312958
    ],
    "files": [
      "means_l.webp",
      "means_u.webp"
    ]
  },
  "scales": {
    "shape": [
      240100,
      3
    ],
    "dtype": "float32",
    "mins": [
      -20.0,
      -19.999998092651367,
      -19.9999942779541
    ],
    "maxs": [
      -4.3214311599731445,
      -4.3214311599731445,
      -4.3214311599731445
    ],
    "files": [
      "scales.webp"
    ]
  },
  "quats": {
    "shape": [
      240100,
      4
    ],
    "dtype": "uint8",
    "encoding": "quaternion_packed",
    "files": [
      "quats.webp"
    ]
  },
  "sh0": {
    "shape": [
      240100,
      1,
      4
    ],
    "dtype": "float32",
    "mins": [
      -7.920841693878174,
      -8.072412490844727,
      -19.999691009521484,
      -19.93227195739746
    ],
    "maxs": [
      7.024056434631348,
      7.261984348297119,
      10.641213417053223,
      14.472694396972656
    ],
    "files": [
      "sh0.webp"
    ]
  }
}