{
  "means": {
    "shape": [
      240100,
      3
    ],
    "dtype": "float32",
    "mins": [
      -0.3619065582752228,
      -0.39341631531715393,
      -0.23796914517879486
    ],
    "maxs": [
      0.31861087679862976,
      0.2906419634819031,
      0.1881391853094101
    ],
    "files": [
      "means_l.webp",
      "means_u.webp"
    ]
  },
  "scales": {
    "shape": [
      240100,
      3
    ],
    "dtype": "float32",
    "mins": [
      -20.0,
      -20.0,
      -19.999998092651367
    ],
    "maxs": [
      -4.3214311599731445,
      -4.3214311599731445,
      -4.3214311599731445
    ],
    "files": [
      "scales.webp"
    ]
  },
  "quats": {
    "shape": [
      240100,
      4
    ],
    "dtype": "uint8",
    "encoding": "quaternion_packed",
    "files": [
      "quats.webp"
    ]
  },
  "sh0": {
    "shape": [
      240100,
      1,
      4
    ],
    "dtype": "float32",
    "mins": [
      -8.201457023620605,
      -7.2520294189453125,
      -19.999774932861328,
      -19.944442749023438
    ],
    "maxs": [
      7.729400634765625,
      7.896120071411133,
      10.280047416687012,
      15.112228393554688
    ],
    "files": [
      "sh0.webp"
    ]
  }
}