{
  "means": {
    "shape": [
      240100,
      3
    ],
    "dtype": "float32",
    "mins": [
      -0.3878547251224518,
      -0.4014699161052704,
      -0.2631312608718872
    ],
    "maxs": [
      0.31496667861938477,
      0.27305591106414795,
      0.18319961428642273
    ],
    "files": [
      "means_l.webp",
      "means_u.webp"
    ]
  },
  "scales": {
    "shape": [
      240100,
      3
    ],
    "dtype": "float32",
    "mins": [
      -20.0,
      -20.0,
      -19.999998092651367
    ],
    "maxs": [
      -4.3214311599731445,
      -4.3214311599731445,
      -4.3214311599731445
    ],
    "files": [
      "scales.webp"
    ]
  },
  "quats": {
    "shape": [
      240100,
      4
    ],
    "dtype": "uint8",
    "encoding": "quaternion_packed",
    "files": [
      "quats.webp"
    ]
  },
  "sh0": {
    "shape": [
      240100,
      1,
      4
    ],
    "dtype": "float32",
    "mins": [
      -7.318404197692871,
      -7.752013683319092,
      -19.99985694885254,
      -19.94672966003418
    ],
    "maxs": [
      7.47811222076416,
      8.460273742675781,
      9.712616920471191,
      15.893202781677246
    ],
    "files": [
      "sh0.webp"
    ]
  }
}