{
  "means": {
    "shape": [
      240100,
      3
    ],
    "dtype": "float32",
    "mins": [
      -0.4037933647632599,
      -0.38009142875671387,
      -0.28555572032928467
    ],
    "maxs": [
      0.35095900297164917,
      0.2655813694000244,
      0.18234385550022125
    ],
    "files": [
      "means_l.webp",
      "means_u.webp"
    ]
  },
  "scales": {
    "shape": [
      240100,
      3
    ],
    "dtype": "float32",
    "mins": [
      -20.0,
      -20.0,
      -19.999998092651367
    ],
    "maxs": [
      -4.3214311599731445,
      -4.3214311599731445,
      -4.3214311599731445
    ],
    "files": [
      "scales.webp"
    ]
  },
  "quats": {
    "shape": [
      240100,
      4
    ],
    "dtype": "uint8",
    "encoding": "quaternion_packed",
    "files": [
      "quats.webp"
    ]
  },
  "sh0": {
    "shape": [
      240100,
      1,
      4
    ],
    "dtype": "float32",
    "mins": [
      -7.569064140319824,
      -7.28596305847168,
      -19.99978256225586,
      -19.942920684814453
    ],
    "maxs": [
      7.224483489990234,
      7.561466217041016,
      9.04460620880127,
      16.10835838317871
    ],
    "files": [
      "sh0.webp"
    ]
  }
}