{
  "means": {
    "shape": [
      240100,
      3
    ],
    "dtype": "float32",
    "mins": [
      -0.34546688199043274,
      -0.3907458186149597,
      -0.2229735404253006
    ],
    "maxs": [
      0.3429194688796997,
      0.2949792742729187,
      0.18509671092033386
    ],
    "files": [
      "means_l.webp",
      "means_u.webp"
    ]
  },
  "scales": {
    "shape": [
      240100,
      3
    ],
    "dtype": "float32",
    "mins": [
      -20.0,
      -20.0,
      -19.9999942779541
    ],
    "maxs": [
      -4.3214311599731445,
      -4.3214311599731445,
      -4.3214311599731445
    ],
    "files": [
      "scales.webp"
    ]
  },
  "quats": {
    "shape": [
      240100,
      4
    ],
    "dtype": "uint8",
    "encoding": "quaternion_packed",
    "files": [
      "quats.webp"
    ]
  },
  "sh0": {
    "shape": [
      240100,
      1,
      4
    ],
    "dtype": "float32",
    "mins": [
      -8.54408073425293,
      -7.725281238555908,
      -19.999746322631836,
      -19.94479751586914
    ],
    "maxs": [
      6.730615615844727,
      6.469994068145752,
      9.803462982177734,
      15.572094917297363
    ],
    "files": [
      "sh0.webp"
    ]
  }
}