{
  "means": {
    "shape": [
      240100,
      3
    ],
    "dtype": "float32",
    "mins": [
      -0.3582260310649872,
      -0.3917304575443268,
      -0.24428638815879822
    ],
    "maxs": [
      0.3203220069408417,
      0.2916712164878845,
      0.18840235471725464
    ],
    "files": [
      "means_l.webp",
      "means_u.webp"
    ]
  },
  "scales": {
    "shape": [
      240100,
      3
    ],
    "dtype": "float32",
    "mins": [
      -20.0,
      -20.0,
      -19.999998092651367
    ],
    "maxs": [
      -4.3214311599731445,
      -4.3214311599731445,
      -4.3214311599731445
    ],
    "files": [
      "scales.webp"
    ]
  },
  "quats": {
    "shape": [
      240100,
      4
    ],
    "dtype": "uint8",
    "encoding": "quaternion_packed",
    "files": [
      "quats.webp"
    ]
  },
  "sh0": {
    "shape": [
      240100,
      1,
      4
    ],
    "dtype": "float32",
    "mins": [
      -7.95170259475708,
      -7.277889728546143,
      -19.999753952026367,
      -19.946352005004883
    ],
    "maxs": [
      7.787203311920166,
      7.641792297363281,
      10.203289985656738,
      15.08544921875
    ],
    "files": [
      "sh0.webp"
    ]
  }
}