{
  "means": {
    "shape": [
      240100,
      3
    ],
    "dtype": "float32",
    "mins": [
      -0.4005798399448395,
      -0.38488972187042236,
      -0.27863627672195435
    ],
    "maxs": [
      0.3425932228565216,
      0.2661130726337433,
      0.18199053406715393
    ],
    "files": [
      "means_l.webp",
      "means_u.webp"
    ]
  },
  "scales": {
    "shape": [
      240100,
      3
    ],
    "dtype": "float32",
    "mins": [
      -20.0,
      -20.0,
      -19.999998092651367
    ],
    "maxs": [
      -4.3214311599731445,
      -4.3214311599731445,
      -4.3214311599731445
    ],
    "files": [
      "scales.webp"
    ]
  },
  "quats": {
    "shape": [
      240100,
      4
    ],
    "dtype": "uint8",
    "encoding": "quaternion_packed",
    "files": [
      "quats.webp"
    ]
  },
  "sh0": {
    "shape": [
      240100,
      1,
      4
    ],
    "dtype": "float32",
    "mins": [
      -7.604877948760986,
      -7.365755081176758,
      -19.999826431274414,
      -19.942609786987305
    ],
    "maxs": [
      7.458343982696533,
      7.617244720458984,
      8.849936485290527,
      16.08025550842285
    ],
    "files": [
      "sh0.webp"
    ]
  }
}