{
  "means": {
    "shape": [
      240100,
      3
    ],
    "dtype": "float32",
    "mins": [
      -0.40546512603759766,
      -0.36115390062332153,
      -0.29955312609672546
    ],
    "maxs": [
      0.37654945254325867,
      0.28662195801734924,
      0.18657171726226807
    ],
    "files": [
      "means_l.webp",
      "means_u.webp"
    ]
  },
  "scales": {
    "shape": [
      240100,
      3
    ],
    "dtype": "float32",
    "mins": [
      -20.0,
      -20.0,
      -19.999998092651367
    ],
    "maxs": [
      -4.3214311599731445,
      -4.3214311599731445,
      -4.3214311599731445
    ],
    "files": [
      "scales.webp"
    ]
  },
  "quats": {
    "shape": [
      240100,
      4
    ],
    "dtype": "uint8",
    "encoding": "quaternion_packed",
    "files": [
      "quats.webp"
    ]
  },
  "sh0": {
    "shape": [
      240100,
      1,
      4
    ],
    "dtype": "float32",
    "mins": [
      -8.223217964172363,
      -7.759485721588135,
      -19.99984359741211,
      -19.95868682861328
    ],
    "maxs": [
      7.133188247680664,
      7.4235124588012695,
      10.096983909606934,
      15.226613998413086
    ],
    "files": [
      "sh0.webp"
    ]
  }
}