{
  "means": {
    "shape": [
      240100,
      3
    ],
    "dtype": "float32",
    "mins": [
      -0.38154876232147217,
      -0.40546512603759766,
      -0.25521987676620483
    ],
    "maxs": [
      0.30745017528533936,
      0.27363350987434387,
      0.18325668573379517
    ],
    "files": [
      "means_l.webp",
      "means_u.webp"
    ]
  },
  "scales": {
    "shape": [
      240100,
      3
    ],
    "dtype": "float32",
    "mins": [
      -20.0,
      -20.0,
      -19.999998092651367
    ],
    "maxs": [
      -4.3214311599731445,
      -4.3214311599731445,
      -4.3214311599731445
    ],
    "files": [
      "scales.webp"
    ]
  },
  "quats": {
    "shape": [
      240100,
      4
    ],
    "dtype": "uint8",
    "encoding": "quaternion_packed",
    "files": [
      "quats.webp"
    ]
  },
  "sh0": {
    "shape": [
      240100,
      1,
      4
    ],
    "dtype": "float32",
    "mins": [
      -7.477448463439941,
      -7.722994804382324,
      -19.999826431274414,
      -19.945423126220703
    ],
    "maxs": [
      7.534299850463867,
      8.307775497436523,
      9.897547721862793,
      15.998714447021484
    ],
    "files": [
      "sh0.webp"
    ]
  }
}