{
  "means": {
    "shape": [
      240100,
      3
    ],
    "dtype": "float32",
    "mins": [
      -0.38209566473960876,
      -0.37467893958091736,
      -0.17730455100536346
    ],
    "maxs": [
      0.3703252971172333,
      0.27804550528526306,
      0.2444629818201065
    ],
    "files": [
      "means_l.webp",
      "means_u.webp"
    ]
  },
  "scales": {
    "shape": [
      240100,
      3
    ],
    "dtype": "float32",
    "mins": [
      -20.0,
      -20.0,
      -19.999996185302734
    ],
    "maxs": [
      -4.3214311599731445,
      -4.3214311599731445,
      -4.3214311599731445
    ],
    "files": [
      "scales.webp"
    ]
  },
  "quats": {
    "shape": [
      240100,
      4
    ],
    "dtype": "uint8",
    "encoding": "quaternion_packed",
    "files": [
      "quats.webp"
    ]
  },
  "sh0": {
    "shape": [
      240100,
      1,
      4
    ],
    "dtype": "float32",
    "mins": [
      -7.890080451965332,
      -7.798924922943115,
      -19.999805450439453,
      -19.938865661621094
    ],
    "maxs": [
      7.282061576843262,
      7.389132499694824,
      10.385688781738281,
      15.014399528503418
    ],
    "files": [
      "sh0.webp"
    ]
  }
}