{
  "means": {
    "shape": [
      240100,
      3
    ],
    "dtype": "float32",
    "mins": [
      -0.40546512603759766,
      -0.37089791893959045,
      -0.2687987685203552
    ],
    "maxs": [
      0.38046473264694214,
      0.2820969820022583,
      0.18271279335021973
    ],
    "files": [
      "means_l.webp",
      "means_u.webp"
    ]
  },
  "scales": {
    "shape": [
      240100,
      3
    ],
    "dtype": "float32",
    "mins": [
      -20.0,
      -20.0,
      -19.999996185302734
    ],
    "maxs": [
      -4.3214311599731445,
      -4.3214311599731445,
      -4.3214311599731445
    ],
    "files": [
      "scales.webp"
    ]
  },
  "quats": {
    "shape": [
      240100,
      4
    ],
    "dtype": "uint8",
    "encoding": "quaternion_packed",
    "files": [
      "quats.webp"
    ]
  },
  "sh0": {
    "shape": [
      240100,
      1,
      4
    ],
    "dtype": "float32",
    "mins": [
      -7.407927513122559,
      -7.224015235900879,
      -19.999778747558594,
      -19.949661254882812
    ],
    "maxs": [
      7.044247627258301,
      7.161599159240723,
      8.734111785888672,
      15.332433700561523
    ],
    "files": [
      "sh0.webp"
    ]
  }
}