{
  "means": {
    "shape": [
      240100,
      3
    ],
    "dtype": "float32",
    "mins": [
      -0.39449602365493774,
      -0.3643946051597595,
      -0.26313287019729614
    ],
    "maxs": [
      0.35957664251327515,
      0.30108991265296936,
      0.18880914151668549
    ],
    "files": [
      "means_l.webp",
      "means_u.webp"
    ]
  },
  "scales": {
    "shape": [
      240100,
      3
    ],
    "dtype": "float32",
    "mins": [
      -20.0,
      -20.0,
      -19.999996185302734
    ],
    "maxs": [
      -4.3214311599731445,
      -4.3214311599731445,
      -4.3214311599731445
    ],
    "files": [
      "scales.webp"
    ]
  },
  "quats": {
    "shape": [
      240100,
      4
    ],
    "dtype": "uint8",
    "encoding": "quaternion_packed",
    "files": [
      "quats.webp"
    ]
  },
  "sh0": {
    "shape": [
      240100,
      1,
      4
    ],
    "dtype": "float32",
    "mins": [
      -8.21269416809082,
      -8.076078414916992,
      -19.999784469604492,
      -19.950096130371094
    ],
    "maxs": [
      6.879950523376465,
      6.897012710571289,
      9.874530792236328,
      14.947965621948242
    ],
    "files": [
      "sh0.webp"
    ]
  }
}