{
  "means": {
    "shape": [
      240100,
      3
    ],
    "dtype": "float32",
    "mins": [
      -0.3930544853210449,
      -0.3569055199623108,
      -0.20865866541862488
    ],
    "maxs": [
      0.3716612160205841,
      0.26359936594963074,
      0.18409548699855804
    ],
    "files": [
      "means_l.webp",
      "means_u.webp"
    ]
  },
  "scales": {
    "shape": [
      240100,
      3
    ],
    "dtype": "float32",
    "mins": [
      -20.0,
      -20.0,
      -19.999998092651367
    ],
    "maxs": [
      -4.3214311599731445,
      -4.3214311599731445,
      -4.3214311599731445
    ],
    "files": [
      "scales.webp"
    ]
  },
  "quats": {
    "shape": [
      240100,
      4
    ],
    "dtype": "uint8",
    "encoding": "quaternion_packed",
    "files": [
      "quats.webp"
    ]
  },
  "sh0": {
    "shape": [
      240100,
      1,
      4
    ],
    "dtype": "float32",
    "mins": [
      -8.941010475158691,
      -7.678170680999756,
      -19.999801635742188,
      -19.945606231689453
    ],
    "maxs": [
      6.78260612487793,
      8.013303756713867,
      10.779618263244629,
      14.51987075805664
    ],
    "files": [
      "sh0.webp"
    ]
  }
}