{
  "means": {
    "shape": [
      240100,
      3
    ],
    "dtype": "float32",
    "mins": [
      -0.3782065212726593,
      -0.37403687834739685,
      -0.1883532702922821
    ],
    "maxs": [
      0.3594340980052948,
      0.2763725519180298,
      0.27934443950653076
    ],
    "files": [
      "means_l.webp",
      "means_u.webp"
    ]
  },
  "scales": {
    "shape": [
      240100,
      3
    ],
    "dtype": "float32",
    "mins": [
      -20.0,
      -19.999998092651367,
      -19.99999237060547
    ],
    "maxs": [
      -4.3214311599731445,
      -4.3214311599731445,
      -4.3214311599731445
    ],
    "files": [
      "scales.webp"
    ]
  },
  "quats": {
    "shape": [
      240100,
      4
    ],
    "dtype": "uint8",
    "encoding": "quaternion_packed",
    "files": [
      "quats.webp"
    ]
  },
  "sh0": {
    "shape": [
      240100,
      1,
      4
    ],
    "dtype": "float32",
    "mins": [
      -7.925036430358887,
      -7.630374431610107,
      -19.99971580505371,
      -19.928606033325195
    ],
    "maxs": [
      6.876440048217773,
      7.549741744995117,
      9.846135139465332,
      14.81340217590332
    ],
    "files": [
      "sh0.webp"
    ]
  }
}