{
  "means": {
    "shape": [
      240100,
      3
    ],
    "dtype": "float32",
    "mins": [
      -0.32551518082618713,
      -0.39365819096565247,
      -0.20033812522888184
    ],
    "maxs": [
      0.33237484097480774,
      0.2970588505268097,
      0.18652312457561493
    ],
    "files": [
      "means_l.webp",
      "means_u.webp"
    ]
  },
  "scales": {
    "shape": [
      240100,
      3
    ],
    "dtype": "float32",
    "mins": [
      -20.0,
      -20.0,
      -19.999998092651367
    ],
    "maxs": [
      -4.3214311599731445,
      -4.3214311599731445,
      -4.3214311599731445
    ],
    "files": [
      "scales.webp"
    ]
  },
  "quats": {
    "shape": [
      240100,
      4
    ],
    "dtype": "uint8",
    "encoding": "quaternion_packed",
    "files": [
      "quats.webp"
    ]
  },
  "sh0": {
    "shape": [
      240100,
      1,
      4
    ],
    "dtype": "float32",
    "mins": [
      -8.209739685058594,
      -7.543169975280762,
      -19.999805450439453,
      -19.947416305541992
    ],
    "maxs": [
      7.51773738861084,
      6.795883655548096,
      9.970830917358398,
      15.347203254699707
    ],
    "files": [
      "sh0.webp"
    ]
  }
}