{
  "means": {
    "shape": [
      240100,
      3
    ],
    "dtype": "float32",
    "mins": [
      -0.40546512603759766,
      -0.37118425965309143,
      -0.25136008858680725
    ],
    "maxs": [
      0.3675095736980438,
      0.27355942130088806,
      0.1828019767999649
    ],
    "files": [
      "means_l.webp",
      "means_u.webp"
    ]
  },
  "scales": {
    "shape": [
      240100,
      3
    ],
    "dtype": "float32",
    "mins": [
      -20.0,
      -19.999998092651367,
      -19.999996185302734
    ],
    "maxs": [
      -4.3214311599731445,
      -4.3214311599731445,
      -4.3214311599731445
    ],
    "files": [
      "scales.webp"
    ]
  },
  "quats": {
    "shape": [
      240100,
      4
    ],
    "dtype": "uint8",
    "encoding": "quaternion_packed",
    "files": [
      "quats.webp"
    ]
  },
  "sh0": {
    "shape": [
      240100,
      1,
      4
    ],
    "dtype": "float32",
    "mins": [
      -6.782169342041016,
      -7.335911273956299,
      -19.9997615814209,
      -19.941965103149414
    ],
    "maxs": [
      7.368410110473633,
      7.797419548034668,
      9.467733383178711,
      15.610321998596191
    ],
    "files": [
      "sh0.webp"
    ]
  }
}