{
  "means": {
    "shape": [
      240100,
      3
    ],
    "dtype": "float32",
    "mins": [
      -0.33752769231796265,
      -0.3873424530029297,
      -0.19713808596134186
    ],
    "maxs": [
      0.3675759434700012,
      0.2841727137565613,
      0.18521052598953247
    ],
    "files": [
      "means_l.webp",
      "means_u.webp"
    ]
  },
  "scales": {
    "shape": [
      240100,
      3
    ],
    "dtype": "float32",
    "mins": [
      -20.0,
      -20.0,
      -19.999998092651367
    ],
    "maxs": [
      -4.3214311599731445,
      -4.3214311599731445,
      -4.3214311599731445
    ],
    "files": [
      "scales.webp"
    ]
  },
  "quats": {
    "shape": [
      240100,
      4
    ],
    "dtype": "uint8",
    "encoding": "quaternion_packed",
    "files": [
      "quats.webp"
    ]
  },
  "sh0": {
    "shape": [
      240100,
      1,
      4
    ],
    "dtype": "float32",
    "mins": [
      -8.362876892089844,
      -8.27099609375,
      -19.999835968017578,
      -19.956783294677734
    ],
    "maxs": [
      7.443291664123535,
      6.578274726867676,
      10.024413108825684,
      14.508459091186523
    ],
    "files": [
      "sh0.webp"
    ]
  }
}