{
  "means": {
    "shape": [
      240100,
      3
    ],
    "dtype": "float32",
    "mins": [
      -0.35861480236053467,
      -0.38235706090927124,
      -0.20244337618350983
    ],
    "maxs": [
      0.3515358567237854,
      0.27488797903060913,
      0.1854417324066162
    ],
    "files": [
      "means_l.webp",
      "means_u.webp"
    ]
  },
  "scales": {
    "shape": [
      240100,
      3
    ],
    "dtype": "float32",
    "mins": [
      -20.0,
      -20.0,
      -19.999998092651367
    ],
    "maxs": [
      -4.3214311599731445,
      -4.3214311599731445,
      -4.3214311599731445
    ],
    "files": [
      "scales.webp"
    ]
  },
  "quats": {
    "shape": [
      240100,
      4
    ],
    "dtype": "uint8",
    "encoding": "quaternion_packed",
    "files": [
      "quats.webp"
    ]
  },
  "sh0": {
    "shape": [
      240100,
      1,
      4
    ],
    "dtype": "float32",
    "mins": [
      -7.8511457443237305,
      -7.522791862487793,
      -19.999828338623047,
      -19.94855499267578
    ],
    "maxs": [
      7.424342155456543,
      7.180976390838623,
      10.058639526367188,
      14.928960800170898
    ],
    "files": [
      "sh0.webp"
    ]
  }
}