{
  "means": {
    "shape": [
      240100,
      3
    ],
    "dtype": "float32",
    "mins": [
      -0.38444283604621887,
      -0.37494519352912903,
      -0.18661335110664368
    ],
    "maxs": [
      0.3650524318218231,
      0.2678634822368622,
      0.1844719797372818
    ],
    "files": [
      "means_l.webp",
      "means_u.webp"
    ]
  },
  "scales": {
    "shape": [
      240100,
      3
    ],
    "dtype": "float32",
    "mins": [
      -20.0,
      -20.0,
      -19.999998092651367
    ],
    "maxs": [
      -4.3214311599731445,
      -4.3214311599731445,
      -4.3214311599731445
    ],
    "files": [
      "scales.webp"
    ]
  },
  "quats": {
    "shape": [
      240100,
      4
    ],
    "dtype": "uint8",
    "encoding": "quaternion_packed",
    "files": [
      "quats.webp"
    ]
  },
  "sh0": {
    "shape": [
      240100,
      1,
      4
    ],
    "dtype": "float32",
    "mins": [
      -7.763082981109619,
      -7.5898895263671875,
      -19.999820709228516,
      -19.943988800048828
    ],
    "maxs": [
      7.2793169021606445,
      7.546657562255859,
      10.299954414367676,
      15.362883567810059
    ],
    "files": [
      "sh0.webp"
    ]
  }
}