{
  "means": {
    "shape": [
      240100,
      3
    ],
    "dtype": "float32",
    "mins": [
      -0.3997783660888672,
      -0.3714151084423065,
      -0.2694462835788727
    ],
    "maxs": [
      0.3705277442932129,
      0.2896493673324585,
      0.18442989885807037
    ],
    "files": [
      "means_l.webp",
      "means_u.webp"
    ]
  },
  "scales": {
    "shape": [
      240100,
      3
    ],
    "dtype": "float32",
    "mins": [
      -20.0,
      -20.0,
      -19.999998092651367
    ],
    "maxs": [
      -4.3214311599731445,
      -4.3214311599731445,
      -4.3214311599731445
    ],
    "files": [
      "scales.webp"
    ]
  },
  "quats": {
    "shape": [
      240100,
      4
    ],
    "dtype": "uint8",
    "encoding": "quaternion_packed",
    "files": [
      "quats.webp"
    ]
  },
  "sh0": {
    "shape": [
      240100,
      1,
      4
    ],
    "dtype": "float32",
    "mins": [
      -7.8484039306640625,
      -7.3101606369018555,
      -19.999818801879883,
      -19.955759048461914
    ],
    "maxs": [
      7.154088020324707,
      7.217187404632568,
      9.276208877563477,
      15.540709495544434
    ],
    "files": [
      "sh0.webp"
    ]
  }
}