{
  "means": {
    "shape": [
      240100,
      3
    ],
    "dtype": "float32",
    "mins": [
      -0.3382768929004669,
      -0.3872629404067993,
      -0.19837333261966705
    ],
    "maxs": [
      0.36115601658821106,
      0.28122052550315857,
      0.1852838099002838
    ],
    "files": [
      "means_l.webp",
      "means_u.webp"
    ]
  },
  "scales": {
    "shape": [
      240100,
      3
    ],
    "dtype": "float32",
    "mins": [
      -20.0,
      -20.0,
      -19.999998092651367
    ],
    "maxs": [
      -4.3214311599731445,
      -4.3214311599731445,
      -4.3214311599731445
    ],
    "files": [
      "scales.webp"
    ]
  },
  "quats": {
    "shape": [
      240100,
      4
    ],
    "dtype": "uint8",
    "encoding": "quaternion_packed",
    "files": [
      "quats.webp"
    ]
  },
  "sh0": {
    "shape": [
      240100,
      1,
      4
    ],
    "dtype": "float32",
    "mins": [
      -8.336115837097168,
      -8.308878898620605,
      -19.999845504760742,
      -19.955995559692383
    ],
    "maxs": [
      7.548036575317383,
      6.581779479980469,
      10.174896240234375,
      14.689845085144043
    ],
    "files": [
      "sh0.webp"
    ]
  }
}