{
  "means": {
    "shape": [
      240100,
      3
    ],
    "dtype": "float32",
    "mins": [
      -0.3262294828891754,
      -0.3904624283313751,
      -0.21010948717594147
    ],
    "maxs": [
      0.35500115156173706,
      0.2776023745536804,
      0.1850070357322693
    ],
    "files": [
      "means_l.webp",
      "means_u.webp"
    ]
  },
  "scales": {
    "shape": [
      240100,
      3
    ],
    "dtype": "float32",
    "mins": [
      -20.0,
      -20.0,
      -19.999998092651367
    ],
    "maxs": [
      -4.3214311599731445,
      -4.3214311599731445,
      -4.3214311599731445
    ],
    "files": [
      "scales.webp"
    ]
  },
  "quats": {
    "shape": [
      240100,
      4
    ],
    "dtype": "uint8",
    "encoding": "quaternion_packed",
    "files": [
      "quats.webp"
    ]
  },
  "sh0": {
    "shape": [
      240100,
      1,
      4
    ],
    "dtype": "float32",
    "mins": [
      -8.518925666809082,
      -8.449028015136719,
      -19.999855041503906,
      -19.956724166870117
    ],
    "maxs": [
      7.525357723236084,
      6.488406181335449,
      10.092840194702148,
      14.96605110168457
    ],
    "files": [
      "sh0.webp"
    ]
  }
}