{
  "means": {
    "shape": [
      240100,
      3
    ],
    "dtype": "float32",
    "mins": [
      -0.3778637945652008,
      -0.38352033495903015,
      -0.253244549036026
    ],
    "maxs": [
      0.3511422574520111,
      0.2956717312335968,
      0.18386058509349823
    ],
    "files": [
      "means_l.webp",
      "means_u.webp"
    ]
  },
  "scales": {
    "shape": [
      240100,
      3
    ],
    "dtype": "float32",
    "mins": [
      -20.0,
      -20.0,
      -19.999996185302734
    ],
    "maxs": [
      -4.3214311599731445,
      -4.3214311599731445,
      -4.3214311599731445
    ],
    "files": [
      "scales.webp"
    ]
  },
  "quats": {
    "shape": [
      240100,
      4
    ],
    "dtype": "uint8",
    "encoding": "quaternion_packed",
    "files": [
      "quats.webp"
    ]
  },
  "sh0": {
    "shape": [
      240100,
      1,
      4
    ],
    "dtype": "float32",
    "mins": [
      -7.845344543457031,
      -7.446379661560059,
      -19.99983024597168,
      -19.950193405151367
    ],
    "maxs": [
      6.963841438293457,
      7.012875556945801,
      9.160537719726562,
      15.966300010681152
    ],
    "files": [
      "sh0.webp"
    ]
  }
}