{
  "means": {
    "shape": [
      240100,
      3
    ],
    "dtype": "float32",
    "mins": [
      -0.3827764093875885,
      -0.3873468339443207,
      -0.24216340482234955
    ],
    "maxs": [
      0.35130080580711365,
      0.26855865120887756,
      0.18400321900844574
    ],
    "files": [
      "means_l.webp",
      "means_u.webp"
    ]
  },
  "scales": {
    "shape": [
      240100,
      3
    ],
    "dtype": "float32",
    "mins": [
      -20.0,
      -20.0,
      -19.999998092651367
    ],
    "maxs": [
      -4.3214311599731445,
      -4.3214311599731445,
      -4.3214311599731445
    ],
    "files": [
      "scales.webp"
    ]
  },
  "quats": {
    "shape": [
      240100,
      4
    ],
    "dtype": "uint8",
    "encoding": "quaternion_packed",
    "files": [
      "quats.webp"
    ]
  },
  "sh0": {
    "shape": [
      240100,
      1,
      4
    ],
    "dtype": "float32",
    "mins": [
      -7.433341026306152,
      -7.52963924407959,
      -19.999835968017578,
      -19.947141647338867
    ],
    "maxs": [
      7.150277614593506,
      7.218050956726074,
      9.565611839294434,
      16.012474060058594
    ],
    "files": [
      "sh0.webp"
    ]
  }
}