{
  "means": {
    "shape": [
      240100,
      3
    ],
    "dtype": "float32",
    "mins": [
      -0.3327731192111969,
      -0.38955533504486084,
      -0.19878871738910675
    ],
    "maxs": [
      0.36502811312675476,
      0.27274855971336365,
      0.18543636798858643
    ],
    "files": [
      "means_l.webp",
      "means_u.webp"
    ]
  },
  "scales": {
    "shape": [
      240100,
      3
    ],
    "dtype": "float32",
    "mins": [
      -20.0,
      -20.0,
      -19.999998092651367
    ],
    "maxs": [
      -4.3214311599731445,
      -4.3214311599731445,
      -4.3214311599731445
    ],
    "files": [
      "scales.webp"
    ]
  },
  "quats": {
    "shape": [
      240100,
      4
    ],
    "dtype": "uint8",
    "encoding": "quaternion_packed",
    "files": [
      "quats.webp"
    ]
  },
  "sh0": {
    "shape": [
      240100,
      1,
      4
    ],
    "dtype": "float32",
    "mins": [
      -8.762088775634766,
      -8.375779151916504,
      -19.999889373779297,
      -19.960006713867188
    ],
    "maxs": [
      7.649554252624512,
      6.632369041442871,
      10.173421859741211,
      14.633245468139648
    ],
    "files": [
      "sh0.webp"
    ]
  }
}