{
  "means": {
    "shape": [
      240100,
      3
    ],
    "dtype": "float32",
    "mins": [
      -0.3886853754520416,
      -0.3677702844142914,
      -0.20203429460525513
    ],
    "maxs": [
      0.35960859060287476,
      0.2738064229488373,
      0.18445099890232086
    ],
    "files": [
      "means_l.webp",
      "means_u.webp"
    ]
  },
  "scales": {
    "shape": [
      240100,
      3
    ],
    "dtype": "float32",
    "mins": [
      -20.0,
      -20.0,
      -19.999998092651367
    ],
    "maxs": [
      -4.3214311599731445,
      -4.3214311599731445,
      -4.3214311599731445
    ],
    "files": [
      "scales.webp"
    ]
  },
  "quats": {
    "shape": [
      240100,
      4
    ],
    "dtype": "uint8",
    "encoding": "quaternion_packed",
    "files": [
      "quats.webp"
    ]
  },
  "sh0": {
    "shape": [
      240100,
      1,
      4
    ],
    "dtype": "float32",
    "mins": [
      -7.676708221435547,
      -7.645196437835693,
      -19.99988555908203,
      -19.9580078125
    ],
    "maxs": [
      7.402118682861328,
      8.2224760055542,
      10.587903022766113,
      15.776069641113281
    ],
    "files": [
      "sh0.webp"
    ]
  }
}