{
  "means": {
    "shape": [
      240100,
      3
    ],
    "dtype": "float32",
    "mins": [
      -0.38678714632987976,
      -0.38984519243240356,
      -0.26641011238098145
    ],
    "maxs": [
      0.33659055829048157,
      0.265491783618927,
      0.1814829409122467
    ],
    "files": [
      "means_l.webp",
      "means_u.webp"
    ]
  },
  "scales": {
    "shape": [
      240100,
      3
    ],
    "dtype": "float32",
    "mins": [
      -20.0,
      -20.0,
      -19.999998092651367
    ],
    "maxs": [
      -4.3214311599731445,
      -4.3214311599731445,
      -4.3214311599731445
    ],
    "files": [
      "scales.webp"
    ]
  },
  "quats": {
    "shape": [
      240100,
      4
    ],
    "dtype": "uint8",
    "encoding": "quaternion_packed",
    "files": [
      "quats.webp"
    ]
  },
  "sh0": {
    "shape": [
      240100,
      1,
      4
    ],
    "dtype": "float32",
    "mins": [
      -7.8067498207092285,
      -7.481839179992676,
      -19.99981117248535,
      -19.939756393432617
    ],
    "maxs": [
      7.496280193328857,
      7.491158962249756,
      8.971752166748047,
      16.004257202148438
    ],
    "files": [
      "sh0.webp"
    ]
  }
}