{
  "means": {
    "shape": [
      240100,
      3
    ],
    "dtype": "float32",
    "mins": [
      -0.37830033898353577,
      -0.3734595775604248,
      -0.18119382858276367
    ],
    "maxs": [
      0.36722174286842346,
      0.2698918282985687,
      0.2860638499259949
    ],
    "files": [
      "means_l.webp",
      "means_u.webp"
    ]
  },
  "scales": {
    "shape": [
      240100,
      3
    ],
    "dtype": "float32",
    "mins": [
      -20.0,
      -19.999998092651367,
      -19.9999942779541
    ],
    "maxs": [
      -4.3214311599731445,
      -4.3214311599731445,
      -4.3214311599731445
    ],
    "files": [
      "scales.webp"
    ]
  },
  "quats": {
    "shape": [
      240100,
      4
    ],
    "dtype": "uint8",
    "encoding": "quaternion_packed",
    "files": [
      "quats.webp"
    ]
  },
  "sh0": {
    "shape": [
      240100,
      1,
      4
    ],
    "dtype": "float32",
    "mins": [
      -8.122541427612305,
      -7.793813228607178,
      -19.999679565429688,
      -19.9265193939209
    ],
    "maxs": [
      6.969281196594238,
      7.589231491088867,
      9.958959579467773,
      14.492179870605469
    ],
    "files": [
      "sh0.webp"
    ]
  }
}