{
  "means": {
    "shape": [
      240100,
      3
    ],
    "dtype": "float32",
    "mins": [
      -0.3416356146335602,
      -0.389658123254776,
      -0.19746693968772888
    ],
    "maxs": [
      0.36057963967323303,
      0.2589784264564514,
      0.18494658172130585
    ],
    "files": [
      "means_l.webp",
      "means_u.webp"
    ]
  },
  "scales": {
    "shape": [
      240100,
      3
    ],
    "dtype": "float32",
    "mins": [
      -20.0,
      -20.0,
      -19.999998092651367
    ],
    "maxs": [
      -4.3214311599731445,
      -4.3214311599731445,
      -4.3214311599731445
    ],
    "files": [
      "scales.webp"
    ]
  },
  "quats": {
    "shape": [
      240100,
      4
    ],
    "dtype": "uint8",
    "encoding": "quaternion_packed",
    "files": [
      "quats.webp"
    ]
  },
  "sh0": {
    "shape": [
      240100,
      1,
      4
    ],
    "dtype": "float32",
    "mins": [
      -8.767288208007812,
      -8.022814750671387,
      -19.999902725219727,
      -19.96379852294922
    ],
    "maxs": [
      7.813745498657227,
      7.068525314331055,
      10.223791122436523,
      14.956808090209961
    ],
    "files": [
      "sh0.webp"
    ]
  }
}