{
  "means": {
    "shape": [
      240100,
      3
    ],
    "dtype": "float32",
    "mins": [
      -0.3587169945240021,
      -0.3909818232059479,
      -0.2077081948518753
    ],
    "maxs": [
      0.3549416661262512,
      0.26906436681747437,
      0.18456459045410156
    ],
    "files": [
      "means_l.webp",
      "means_u.webp"
    ]
  },
  "scales": {
    "shape": [
      240100,
      3
    ],
    "dtype": "float32",
    "mins": [
      -20.0,
      -20.0,
      -19.999998092651367
    ],
    "maxs": [
      -4.3214311599731445,
      -4.3214311599731445,
      -4.3214311599731445
    ],
    "files": [
      "scales.webp"
    ]
  },
  "quats": {
    "shape": [
      240100,
      4
    ],
    "dtype": "uint8",
    "encoding": "quaternion_packed",
    "files": [
      "quats.webp"
    ]
  },
  "sh0": {
    "shape": [
      240100,
      1,
      4
    ],
    "dtype": "float32",
    "mins": [
      -7.551848888397217,
      -7.593985080718994,
      -19.999866485595703,
      -19.95256233215332
    ],
    "maxs": [
      7.371119499206543,
      6.906586170196533,
      9.50617504119873,
      15.625064849853516
    ],
    "files": [
      "sh0.webp"
    ]
  }
}