{
  "means": {
    "shape": [
      240100,
      3
    ],
    "dtype": "float32",
    "mins": [
      -0.37732601165771484,
      -0.3809758722782135,
      -0.20063525438308716
    ],
    "maxs": [
      0.3491889536380768,
      0.27998387813568115,
      0.2303112894296646
    ],
    "files": [
      "means_l.webp",
      "means_u.webp"
    ]
  },
  "scales": {
    "shape": [
      240100,
      3
    ],
    "dtype": "float32",
    "mins": [
      -20.0,
      -19.999998092651367,
      -19.9999942779541
    ],
    "maxs": [
      -4.3214311599731445,
      -4.3214311599731445,
      -4.3214311599731445
    ],
    "files": [
      "scales.webp"
    ]
  },
  "quats": {
    "shape": [
      240100,
      4
    ],
    "dtype": "uint8",
    "encoding": "quaternion_packed",
    "files": [
      "quats.webp"
    ]
  },
  "sh0": {
    "shape": [
      240100,
      1,
      4
    ],
    "dtype": "float32",
    "mins": [
      -7.791539192199707,
      -7.5416975021362305,
      -19.999738693237305,
      -19.931053161621094
    ],
    "maxs": [
      6.9071269035339355,
      7.532131671905518,
      9.751859664916992,
      15.037623405456543
    ],
    "files": [
      "sh0.webp"
    ]
  }
}