{
  "means": {
    "shape": [
      240100,
      3
    ],
    "dtype": "float32",
    "mins": [
      -0.3878908157348633,
      -0.3992733061313629,
      -0.2677556574344635
    ],
    "maxs": [
      0.321155846118927,
      0.2697005271911621,
      0.18149057030677795
    ],
    "files": [
      "means_l.webp",
      "means_u.webp"
    ]
  },
  "scales": {
    "shape": [
      240100,
      3
    ],
    "dtype": "float32",
    "mins": [
      -20.0,
      -20.0,
      -19.999998092651367
    ],
    "maxs": [
      -4.3214311599731445,
      -4.3214311599731445,
      -4.3214311599731445
    ],
    "files": [
      "scales.webp"
    ]
  },
  "quats": {
    "shape": [
      240100,
      4
    ],
    "dtype": "uint8",
    "encoding": "quaternion_packed",
    "files": [
      "quats.webp"
    ]
  },
  "sh0": {
    "shape": [
      240100,
      1,
      4
    ],
    "dtype": "float32",
    "mins": [
      -7.473912239074707,
      -7.654688358306885,
      -19.999849319458008,
      -19.946697235107422
    ],
    "maxs": [
      7.671285152435303,
      8.132555961608887,
      9.43811321258545,
      15.91042423248291
    ],
    "files": [
      "sh0.webp"
    ]
  }
}