{
  "means": {
    "shape": [
      240100,
      3
    ],
    "dtype": "float32",
    "mins": [
      -0.40546512603759766,
      -0.365294486284256,
      -0.2664859890937805
    ],
    "maxs": [
      0.38234812021255493,
      0.28196269273757935,
      0.18289248645305634
    ],
    "files": [
      "means_l.webp",
      "means_u.webp"
    ]
  },
  "scales": {
    "shape": [
      240100,
      3
    ],
    "dtype": "float32",
    "mins": [
      -20.0,
      -20.0,
      -19.999996185302734
    ],
    "maxs": [
      -4.3214311599731445,
      -4.3214311599731445,
      -4.3214311599731445
    ],
    "files": [
      "scales.webp"
    ]
  },
  "quats": {
    "shape": [
      240100,
      4
    ],
    "dtype": "uint8",
    "encoding": "quaternion_packed",
    "files": [
      "quats.webp"
    ]
  },
  "sh0": {
    "shape": [
      240100,
      1,
      4
    ],
    "dtype": "float32",
    "mins": [
      -7.031280517578125,
      -7.211686134338379,
      -19.999744415283203,
      -19.94618797302246
    ],
    "maxs": [
      7.031462669372559,
      7.35223388671875,
      9.047476768493652,
      15.275333404541016
    ],
    "files": [
      "sh0.webp"
    ]
  }
}