{
  "means": {
    "shape": [
      240100,
      3
    ],
    "dtype": "float32",
    "mins": [
      -0.3524169921875,
      -0.387550950050354,
      -0.21621429920196533
    ],
    "maxs": [
      0.3253189027309418,
      0.29153090715408325,
      0.18629483878612518
    ],
    "files": [
      "means_l.webp",
      "means_u.webp"
    ]
  },
  "scales": {
    "shape": [
      240100,
      3
    ],
    "dtype": "float32",
    "mins": [
      -20.0,
      -20.0,
      -19.999998092651367
    ],
    "maxs": [
      -4.3214311599731445,
      -4.3214311599731445,
      -4.3214311599731445
    ],
    "files": [
      "scales.webp"
    ]
  },
  "quats": {
    "shape": [
      240100,
      4
    ],
    "dtype": "uint8",
    "encoding": "quaternion_packed",
    "files": [
      "quats.webp"
    ]
  },
  "sh0": {
    "shape": [
      240100,
      1,
      4
    ],
    "dtype": "float32",
    "mins": [
      -8.392732620239258,
      -7.266115188598633,
      -19.999818801879883,
      -19.942184448242188
    ],
    "maxs": [
      7.458466529846191,
      7.564310073852539,
      10.12384033203125,
      15.346430778503418
    ],
    "files": [
      "sh0.webp"
    ]
  }
}