{
  "means": {
    "shape": [
      240100,
      3
    ],
    "dtype": "float32",
    "mins": [
      -0.40546512603759766,
      -0.36119240522384644,
      -0.25644758343696594
    ],
    "maxs": [
      0.37222614884376526,
      0.286114364862442,
      0.18526384234428406
    ],
    "files": [
      "means_l.webp",
      "means_u.webp"
    ]
  },
  "scales": {
    "shape": [
      240100,
      3
    ],
    "dtype": "float32",
    "mins": [
      -20.0,
      -20.0,
      -19.999996185302734
    ],
    "maxs": [
      -4.3214311599731445,
      -4.3214311599731445,
      -4.3214311599731445
    ],
    "files": [
      "scales.webp"
    ]
  },
  "quats": {
    "shape": [
      240100,
      4
    ],
    "dtype": "uint8",
    "encoding": "quaternion_packed",
    "files": [
      "quats.webp"
    ]
  },
  "sh0": {
    "shape": [
      240100,
      1,
      4
    ],
    "dtype": "float32",
    "mins": [
      -7.142518043518066,
      -7.231103897094727,
      -19.999794006347656,
      -19.943340301513672
    ],
    "maxs": [
      7.109346866607666,
      8.182327270507812,
      10.234945297241211,
      14.916011810302734
    ],
    "files": [
      "sh0.webp"
    ]
  }
}