{
  "means": {
    "shape": [
      240100,
      3
    ],
    "dtype": "float32",
    "mins": [
      -0.37913402915000916,
      -0.4008980095386505,
      -0.26147541403770447
    ],
    "maxs": [
      0.3095047175884247,
      0.26361897587776184,
      0.17760974168777466
    ],
    "files": [
      "means_l.webp",
      "means_u.webp"
    ]
  },
  "scales": {
    "shape": [
      240100,
      3
    ],
    "dtype": "float32",
    "mins": [
      -20.0,
      -20.0,
      -19.999998092651367
    ],
    "maxs": [
      -4.3214311599731445,
      -4.3214311599731445,
      -4.3214311599731445
    ],
    "files": [
      "scales.webp"
    ]
  },
  "quats": {
    "shape": [
      240100,
      4
    ],
    "dtype": "uint8",
    "encoding": "quaternion_packed",
    "files": [
      "quats.webp"
    ]
  },
  "sh0": {
    "shape": [
      240100,
      1,
      4
    ],
    "dtype": "float32",
    "mins": [
      -7.5597758293151855,
      -7.610677719116211,
      -19.999858856201172,
      -19.938867568969727
    ],
    "maxs": [
      8.008085250854492,
      8.043903350830078,
      9.271530151367188,
      16.62502098083496
    ],
    "files": [
      "sh0.webp"
    ]
  }
}