{
  "means": {
    "shape": [
      240100,
      3
    ],
    "dtype": "float32",
    "mins": [
      -0.36729902029037476,
      -0.3925548195838928,
      -0.21207666397094727
    ],
    "maxs": [
      0.34397584199905396,
      0.26231738924980164,
      0.18333563208580017
    ],
    "files": [
      "means_l.webp",
      "means_u.webp"
    ]
  },
  "scales": {
    "shape": [
      240100,
      3
    ],
    "dtype": "float32",
    "mins": [
      -20.0,
      -20.0,
      -19.999998092651367
    ],
    "maxs": [
      -4.3214311599731445,
      -4.3214311599731445,
      -4.3214311599731445
    ],
    "files": [
      "scales.webp"
    ]
  },
  "quats": {
    "shape": [
      240100,
      4
    ],
    "dtype": "uint8",
    "encoding": "quaternion_packed",
    "files": [
      "quats.webp"
    ]
  },
  "sh0": {
    "shape": [
      240100,
      1,
      4
    ],
    "dtype": "float32",
    "mins": [
      -7.7813720703125,
      -8.00708293914795,
      -19.99991798400879,
      -19.961231231689453
    ],
    "maxs": [
      7.700860977172852,
      7.4892048835754395,
      9.729263305664062,
      16.03346824645996
    ],
    "files": [
      "sh0.webp"
    ]
  }
}