{
  "means": {
    "shape": [
      240100,
      3
    ],
    "dtype": "float32",
    "mins": [
      -0.40546512603759766,
      -0.361957848072052,
      -0.2743971645832062
    ],
    "maxs": [
      0.37493255734443665,
      0.28597915172576904,
      0.18558301031589508
    ],
    "files": [
      "means_l.webp",
      "means_u.webp"
    ]
  },
  "scales": {
    "shape": [
      240100,
      3
    ],
    "dtype": "float32",
    "mins": [
      -20.0,
      -20.0,
      -19.999998092651367
    ],
    "maxs": [
      -4.3214311599731445,
      -4.3214311599731445,
      -4.3214311599731445
    ],
    "files": [
      "scales.webp"
    ]
  },
  "quats": {
    "shape": [
      240100,
      4
    ],
    "dtype": "uint8",
    "encoding": "quaternion_packed",
    "files": [
      "quats.webp"
    ]
  },
  "sh0": {
    "shape": [
      240100,
      1,
      4
    ],
    "dtype": "float32",
    "mins": [
      -7.545377731323242,
      -7.334470272064209,
      -19.99980354309082,
      -19.951112747192383
    ],
    "maxs": [
      6.963623046875,
      8.005287170410156,
      10.144356727600098,
      15.163738250732422
    ],
    "files": [
      "sh0.webp"
    ]
  }
}