{
  "means": {
    "shape": [
      240100,
      3
    ],
    "dtype": "float32",
    "mins": [
      -0.3826448917388916,
      -0.39624083042144775,
      -0.21839021146297455
    ],
    "maxs": [
      0.3254096806049347,
      0.28372812271118164,
      0.18579605221748352
    ],
    "files": [
      "means_l.webp",
      "means_u.webp"
    ]
  },
  "scales": {
    "shape": [
      240100,
      3
    ],
    "dtype": "float32",
    "mins": [
      -20.0,
      -19.999998092651367,
      -19.999996185302734
    ],
    "maxs": [
      -4.3214311599731445,
      -4.3214311599731445,
      -4.3214311599731445
    ],
    "files": [
      "scales.webp"
    ]
  },
  "quats": {
    "shape": [
      240100,
      4
    ],
    "dtype": "uint8",
    "encoding": "quaternion_packed",
    "files": [
      "quats.webp"
    ]
  },
  "sh0": {
    "shape": [
      240100,
      1,
      4
    ],
    "dtype": "float32",
    "mins": [
      -7.747235298156738,
      -7.111966609954834,
      -19.999732971191406,
      -19.93107032775879
    ],
    "maxs": [
      7.004239559173584,
      7.918961048126221,
      9.704390525817871,
      15.066879272460938
    ],
    "files": [
      "sh0.webp"
    ]
  }
}