{
  "means": {
    "shape": [
      240100,
      3
    ],
    "dtype": "float32",
    "mins": [
      -0.3898194134235382,
      -0.3991195261478424,
      -0.25358134508132935
    ],
    "maxs": [
      0.3235105574131012,
      0.280405193567276,
      0.18463614583015442
    ],
    "files": [
      "means_l.webp",
      "means_u.webp"
    ]
  },
  "scales": {
    "shape": [
      240100,
      3
    ],
    "dtype": "float32",
    "mins": [
      -20.0,
      -20.0,
      -19.999998092651367
    ],
    "maxs": [
      -4.3214311599731445,
      -4.3214311599731445,
      -4.3214311599731445
    ],
    "files": [
      "scales.webp"
    ]
  },
  "quats": {
    "shape": [
      240100,
      4
    ],
    "dtype": "uint8",
    "encoding": "quaternion_packed",
    "files": [
      "quats.webp"
    ]
  },
  "sh0": {
    "shape": [
      240100,
      1,
      4
    ],
    "dtype": "float32",
    "mins": [
      -7.388797283172607,
      -7.8523406982421875,
      -19.999849319458008,
      -19.95594024658203
    ],
    "maxs": [
      7.327239990234375,
      8.42563533782959,
      10.108595848083496,
      15.933378219604492
    ],
    "files": [
      "sh0.webp"
    ]
  }
}