{
  "means": {
    "shape": [
      240100,
      3
    ],
    "dtype": "float32",
    "mins": [
      -0.37731313705444336,
      -0.39202362298965454,
      -0.24714860320091248
    ],
    "maxs": [
      0.3242761790752411,
      0.2660374939441681,
      0.17860762774944305
    ],
    "files": [
      "means_l.webp",
      "means_u.webp"
    ]
  },
  "scales": {
    "shape": [
      240100,
      3
    ],
    "dtype": "float32",
    "mins": [
      -20.0,
      -20.0,
      -19.999998092651367
    ],
    "maxs": [
      -4.3214311599731445,
      -4.3214311599731445,
      -4.3214311599731445
    ],
    "files": [
      "scales.webp"
    ]
  },
  "quats": {
    "shape": [
      240100,
      4
    ],
    "dtype": "uint8",
    "encoding": "quaternion_packed",
    "files": [
      "quats.webp"
    ]
  },
  "sh0": {
    "shape": [
      240100,
      1,
      4
    ],
    "dtype": "float32",
    "mins": [
      -7.908473491668701,
      -7.706693649291992,
      -19.999889373779297,
      -19.946441650390625
    ],
    "maxs": [
      7.854866981506348,
      8.048989295959473,
      9.642932891845703,
      16.377389907836914
    ],
    "files": [
      "sh0.webp"
    ]
  }
}