{
  "means": {
    "shape": [
      240100,
      3
    ],
    "dtype": "float32",
    "mins": [
      -0.40546512603759766,
      -0.3617083430290222,
      -0.3078066408634186
    ],
    "maxs": [
      0.377452552318573,
      0.28757911920547485,
      0.18708829581737518
    ],
    "files": [
      "means_l.webp",
      "means_u.webp"
    ]
  },
  "scales": {
    "shape": [
      240100,
      3
    ],
    "dtype": "float32",
    "mins": [
      -20.0,
      -20.0,
      -19.999998092651367
    ],
    "maxs": [
      -4.3214311599731445,
      -4.3214311599731445,
      -4.3214311599731445
    ],
    "files": [
      "scales.webp"
    ]
  },
  "quats": {
    "shape": [
      240100,
      4
    ],
    "dtype": "uint8",
    "encoding": "quaternion_packed",
    "files": [
      "quats.webp"
    ]
  },
  "sh0": {
    "shape": [
      240100,
      1,
      4
    ],
    "dtype": "float32",
    "mins": [
      -8.477173805236816,
      -7.991581439971924,
      -19.99985122680664,
      -19.96165657043457
    ],
    "maxs": [
      7.2272539138793945,
      7.234650135040283,
      9.927650451660156,
      15.328625679016113
    ],
    "files": [
      "sh0.webp"
    ]
  }
}