{
  "means": {
    "shape": [
      240100,
      3
    ],
    "dtype": "float32",
    "mins": [
      -0.40546512603759766,
      -0.3645404875278473,
      -0.25809648633003235
    ],
    "maxs": [
      0.3682078719139099,
      0.2881399989128113,
      0.1857874095439911
    ],
    "files": [
      "means_l.webp",
      "means_u.webp"
    ]
  },
  "scales": {
    "shape": [
      240100,
      3
    ],
    "dtype": "float32",
    "mins": [
      -20.0,
      -20.0,
      -19.999996185302734
    ],
    "maxs": [
      -4.3214311599731445,
      -4.3214311599731445,
      -4.3214311599731445
    ],
    "files": [
      "scales.webp"
    ]
  },
  "quats": {
    "shape": [
      240100,
      4
    ],
    "dtype": "uint8",
    "encoding": "quaternion_packed",
    "files": [
      "quats.webp"
    ]
  },
  "sh0": {
    "shape": [
      240100,
      1,
      4
    ],
    "dtype": "float32",
    "mins": [
      -7.570054531097412,
      -7.275769233703613,
      -19.999807357788086,
      -19.945396423339844
    ],
    "maxs": [
      6.994194507598877,
      7.870492935180664,
      10.471240043640137,
      14.736154556274414
    ],
    "files": [
      "sh0.webp"
    ]
  }
}