{
  "means": {
    "shape": [
      240100,
      3
    ],
    "dtype": "float32",
    "mins": [
      -0.3864288628101349,
      -0.37270277738571167,
      -0.2563757002353668
    ],
    "maxs": [
      0.35293540358543396,
      0.2991912364959717,
      0.18678443133831024
    ],
    "files": [
      "means_l.webp",
      "means_u.webp"
    ]
  },
  "scales": {
    "shape": [
      240100,
      3
    ],
    "dtype": "float32",
    "mins": [
      -20.0,
      -20.0,
      -19.999996185302734
    ],
    "maxs": [
      -4.3214311599731445,
      -4.3214311599731445,
      -4.3214311599731445
    ],
    "files": [
      "scales.webp"
    ]
  },
  "quats": {
    "shape": [
      240100,
      4
    ],
    "dtype": "uint8",
    "encoding": "quaternion_packed",
    "files": [
      "quats.webp"
    ]
  },
  "sh0": {
    "shape": [
      240100,
      1,
      4
    ],
    "dtype": "float32",
    "mins": [
      -7.740493297576904,
      -7.384868621826172,
      -19.999774932861328,
      -19.94676399230957
    ],
    "maxs": [
      6.706470489501953,
      7.230536460876465,
      9.784892082214355,
      15.497600555419922
    ],
    "files": [
      "sh0.webp"
    ]
  }
}