{
  "means": {
    "shape": [
      240100,
      3
    ],
    "dtype": "float32",
    "mins": [
      -0.40546512603759766,
      -0.3631996512413025,
      -0.2733289301395416
    ],
    "maxs": [
      0.3782772421836853,
      0.28400588035583496,
      0.1847827434539795
    ],
    "files": [
      "means_l.webp",
      "means_u.webp"
    ]
  },
  "scales": {
    "shape": [
      240100,
      3
    ],
    "dtype": "float32",
    "mins": [
      -20.0,
      -20.0,
      -19.999998092651367
    ],
    "maxs": [
      -4.3214311599731445,
      -4.3214311599731445,
      -4.3214311599731445
    ],
    "files": [
      "scales.webp"
    ]
  },
  "quats": {
    "shape": [
      240100,
      4
    ],
    "dtype": "uint8",
    "encoding": "quaternion_packed",
    "files": [
      "quats.webp"
    ]
  },
  "sh0": {
    "shape": [
      240100,
      1,
      4
    ],
    "dtype": "float32",
    "mins": [
      -7.342818260192871,
      -7.304962158203125,
      -19.999794006347656,
      -19.949552536010742
    ],
    "maxs": [
      7.058367729187012,
      7.851075172424316,
      9.826290130615234,
      15.215248107910156
    ],
    "files": [
      "sh0.webp"
    ]
  }
}