{
  "means": {
    "shape": [
      240100,
      3
    ],
    "dtype": "float32",
    "mins": [
      -0.3717662990093231,
      -0.37603968381881714,
      -0.22460058331489563
    ],
    "maxs": [
      0.3480730950832367,
      0.29034262895584106,
      0.1897623986005783
    ],
    "files": [
      "means_l.webp",
      "means_u.webp"
    ]
  },
  "scales": {
    "shape": [
      240100,
      3
    ],
    "dtype": "float32",
    "mins": [
      -20.0,
      -20.0,
      -19.999998092651367
    ],
    "maxs": [
      -4.3214311599731445,
      -4.3214311599731445,
      -4.3214311599731445
    ],
    "files": [
      "scales.webp"
    ]
  },
  "quats": {
    "shape": [
      240100,
      4
    ],
    "dtype": "uint8",
    "encoding": "quaternion_packed",
    "files": [
      "quats.webp"
    ]
  },
  "sh0": {
    "shape": [
      240100,
      1,
      4
    ],
    "dtype": "float32",
    "mins": [
      -7.279642105102539,
      -7.459514141082764,
      -19.99976921081543,
      -19.954647064208984
    ],
    "maxs": [
      7.633152961730957,
      7.28787899017334,
      10.31801986694336,
      14.632658958435059
    ],
    "files": [
      "sh0.webp"
    ]
  }
}