{
  "means": {
    "shape": [
      240100,
      3
    ],
    "dtype": "float32",
    "mins": [
      -0.37862274050712585,
      -0.37486645579338074,
      -0.17254340648651123
    ],
    "maxs": [
      0.3754780888557434,
      0.29019927978515625,
      0.2612009346485138
    ],
    "files": [
      "means_l.webp",
      "means_u.webp"
    ]
  },
  "scales": {
    "shape": [
      240100,
      3
    ],
    "dtype": "float32",
    "mins": [
      -20.0,
      -20.0,
      -19.999996185302734
    ],
    "maxs": [
      -4.3214311599731445,
      -4.3214311599731445,
      -4.3214311599731445
    ],
    "files": [
      "scales.webp"
    ]
  },
  "quats": {
    "shape": [
      240100,
      4
    ],
    "dtype": "uint8",
    "encoding": "quaternion_packed",
    "files": [
      "quats.webp"
    ]
  },
  "sh0": {
    "shape": [
      240100,
      1,
      4
    ],
    "dtype": "float32",
    "mins": [
      -7.995134353637695,
      -8.0553617477417,
      -19.999771118164062,
      -19.935184478759766
    ],
    "maxs": [
      7.198807716369629,
      7.353880882263184,
      10.684704780578613,
      14.688182830810547
    ],
    "files": [
      "sh0.webp"
    ]
  }
}