{
  "means": {
    "shape": [
      240100,
      3
    ],
    "dtype": "float32",
    "mins": [
      -0.3995722830295563,
      -0.37400829792022705,
      -0.2693139612674713
    ],
    "maxs": [
      0.3632970154285431,
      0.2760987877845764,
      0.18320974707603455
    ],
    "files": [
      "means_l.webp",
      "means_u.webp"
    ]
  },
  "scales": {
    "shape": [
      240100,
      3
    ],
    "dtype": "float32",
    "mins": [
      -20.0,
      -20.0,
      -19.999996185302734
    ],
    "maxs": [
      -4.3214311599731445,
      -4.3214311599731445,
      -4.3214311599731445
    ],
    "files": [
      "scales.webp"
    ]
  },
  "quats": {
    "shape": [
      240100,
      4
    ],
    "dtype": "uint8",
    "encoding": "quaternion_packed",
    "files": [
      "quats.webp"
    ]
  },
  "sh0": {
    "shape": [
      240100,
      1,
      4
    ],
    "dtype": "float32",
    "mins": [
      -7.496903419494629,
      -7.266402721405029,
      -19.999813079833984,
      -19.95160675048828
    ],
    "maxs": [
      7.172279357910156,
      7.18757438659668,
      9.089405059814453,
      15.80949878692627
    ],
    "files": [
      "sh0.webp"
    ]
  }
}