{
  "means": {
    "shape": [
      240100,
      3
    ],
    "dtype": "float32",
    "mins": [
      -0.3817804157733917,
      -0.371082603931427,
      -0.17309881746768951
    ],
    "maxs": [
      0.376213401556015,
      0.26056772470474243,
      0.28113430738449097
    ],
    "files": [
      "means_l.webp",
      "means_u.webp"
    ]
  },
  "scales": {
    "shape": [
      240100,
      3
    ],
    "dtype": "float32",
    "mins": [
      -20.0,
      -19.999998092651367,
      -19.999996185302734
    ],
    "maxs": [
      -4.3214311599731445,
      -4.3214311599731445,
      -4.3214311599731445
    ],
    "files": [
      "scales.webp"
    ]
  },
  "quats": {
    "shape": [
      240100,
      4
    ],
    "dtype": "uint8",
    "encoding": "quaternion_packed",
    "files": [
      "quats.webp"
    ]
  },
  "sh0": {
    "shape": [
      240100,
      1,
      4
    ],
    "dtype": "float32",
    "mins": [
      -8.34284496307373,
      -7.776806354522705,
      -19.999755859375,
      -19.9356746673584
    ],
    "maxs": [
      6.977734088897705,
      7.673345565795898,
      9.822582244873047,
      14.201069831848145
    ],
    "files": [
      "sh0.webp"
    ]
  }
}