{
  "means": {
    "shape": [
      240100,
      3
    ],
    "dtype": "float32",
    "mins": [
      -0.35128700733184814,
      -0.3892141878604889,
      -0.224406436085701
    ],
    "maxs": [
      0.3206787407398224,
      0.29500100016593933,
      0.18798938393592834
    ],
    "files": [
      "means_l.webp",
      "means_u.webp"
    ]
  },
  "scales": {
    "shape": [
      240100,
      3
    ],
    "dtype": "float32",
    "mins": [
      -20.0,
      -20.0,
      -19.999998092651367
    ],
    "maxs": [
      -4.3214311599731445,
      -4.3214311599731445,
      -4.3214311599731445
    ],
    "files": [
      "scales.webp"
    ]
  },
  "quats": {
    "shape": [
      240100,
      4
    ],
    "dtype": "uint8",
    "encoding": "quaternion_packed",
    "files": [
      "quats.webp"
    ]
  },
  "sh0": {
    "shape": [
      240100,
      1,
      4
    ],
    "dtype": "float32",
    "mins": [
      -8.193463325500488,
      -7.218628883361816,
      -19.999765396118164,
      -19.942596435546875
    ],
    "maxs": [
      7.640844345092773,
      7.489941596984863,
      10.090902328491211,
      15.124226570129395
    ],
    "files": [
      "sh0.webp"
    ]
  }
}