{
  "means": {
    "shape": [
      240100,
      3
    ],
    "dtype": "float32",
    "mins": [
      -0.389545738697052,
      -0.3613297641277313,
      -0.19366808235645294
    ],
    "maxs": [
      0.3720071613788605,
      0.24777549505233765,
      0.18309368193149567
    ],
    "files": [
      "means_l.webp",
      "means_u.webp"
    ]
  },
  "scales": {
    "shape": [
      240100,
      3
    ],
    "dtype": "float32",
    "mins": [
      -20.0,
      -19.999998092651367,
      -19.999998092651367
    ],
    "maxs": [
      -4.3214311599731445,
      -4.3214311599731445,
      -4.3214311599731445
    ],
    "files": [
      "scales.webp"
    ]
  },
  "quats": {
    "shape": [
      240100,
      4
    ],
    "dtype": "uint8",
    "encoding": "quaternion_packed",
    "files": [
      "quats.webp"
    ]
  },
  "sh0": {
    "shape": [
      240100,
      1,
      4
    ],
    "dtype": "float32",
    "mins": [
      -8.707042694091797,
      -7.982940196990967,
      -19.999740600585938,
      -19.94082260131836
    ],
    "maxs": [
      6.833377838134766,
      7.5905866622924805,
      9.99290657043457,
      14.144935607910156
    ],
    "files": [
      "sh0.webp"
    ]
  }
}