{
  "means": {
    "shape": [
      240100,
      3
    ],
    "dtype": "float32",
    "mins": [
      -0.3846130669116974,
      -0.3942141532897949,
      -0.26418325304985046
    ],
    "maxs": [
      0.32289570569992065,
      0.2625177800655365,
      0.1779455691576004
    ],
    "files": [
      "means_l.webp",
      "means_u.webp"
    ]
  },
  "scales": {
    "shape": [
      240100,
      3
    ],
    "dtype": "float32",
    "mins": [
      -20.0,
      -20.0,
      -19.999998092651367
    ],
    "maxs": [
      -4.3214311599731445,
      -4.3214311599731445,
      -4.3214311599731445
    ],
    "files": [
      "scales.webp"
    ]
  },
  "quats": {
    "shape": [
      240100,
      4
    ],
    "dtype": "uint8",
    "encoding": "quaternion_packed",
    "files": [
      "quats.webp"
    ]
  },
  "sh0": {
    "shape": [
      240100,
      1,
      4
    ],
    "dtype": "float32",
    "mins": [
      -7.5280561447143555,
      -7.3525590896606445,
      -19.99982452392578,
      -19.931962966918945
    ],
    "maxs": [
      7.891215801239014,
      7.744436740875244,
      9.0902099609375,
      16.481983184814453
    ],
    "files": [
      "sh0.webp"
    ]
  }
}