{
  "means": {
    "shape": [
      240100,
      3
    ],
    "dtype": "float32",
    "mins": [
      -0.38704368472099304,
      -0.39715489745140076,
      -0.26880088448524475
    ],
    "maxs": [
      0.3221956491470337,
      0.2645037770271301,
      0.17830151319503784
    ],
    "files": [
      "means_l.webp",
      "means_u.webp"
    ]
  },
  "scales": {
    "shape": [
      240100,
      3
    ],
    "dtype": "float32",
    "mins": [
      -20.0,
      -20.0,
      -19.999998092651367
    ],
    "maxs": [
      -4.3214311599731445,
      -4.3214311599731445,
      -4.3214311599731445
    ],
    "files": [
      "scales.webp"
    ]
  },
  "quats": {
    "shape": [
      240100,
      4
    ],
    "dtype": "uint8",
    "encoding": "quaternion_packed",
    "files": [
      "quats.webp"
    ]
  },
  "sh0": {
    "shape": [
      240100,
      1,
      4
    ],
    "dtype": "float32",
    "mins": [
      -7.509505748748779,
      -7.4174652099609375,
      -19.999828338623047,
      -19.933349609375
    ],
    "maxs": [
      7.876100063323975,
      7.865756034851074,
      9.214486122131348,
      16.351259231567383
    ],
    "files": [
      "sh0.webp"
    ]
  }
}