{
  "means": {
    "shape": [
      240100,
      3
    ],
    "dtype": "float32",
    "mins": [
      -0.34538009762763977,
      -0.3886965215206146,
      -0.20028676092624664
    ],
    "maxs": [
      0.33489441871643066,
      0.2960377335548401,
      0.18824893236160278
    ],
    "files": [
      "means_l.webp",
      "means_u.webp"
    ]
  },
  "scales": {
    "shape": [
      240100,
      3
    ],
    "dtype": "float32",
    "mins": [
      -20.0,
      -20.0,
      -19.999998092651367
    ],
    "maxs": [
      -4.3214311599731445,
      -4.3214311599731445,
      -4.3214311599731445
    ],
    "files": [
      "scales.webp"
    ]
  },
  "quats": {
    "shape": [
      240100,
      4
    ],
    "dtype": "uint8",
    "encoding": "quaternion_packed",
    "files": [
      "quats.webp"
    ]
  },
  "sh0": {
    "shape": [
      240100,
      1,
      4
    ],
    "dtype": "float32",
    "mins": [
      -7.720320701599121,
      -7.552056789398193,
      -19.999755859375,
      -19.947275161743164
    ],
    "maxs": [
      7.597377777099609,
      6.871866226196289,
      9.823270797729492,
      15.037589073181152
    ],
    "files": [
      "sh0.webp"
    ]
  }
}