{
  "means": {
    "shape": [
      240100,
      3
    ],
    "dtype": "float32",
    "mins": [
      -0.39247962832450867,
      -0.3866015076637268,
      -0.2746213376522064
    ],
    "maxs": [
      0.3435327708721161,
      0.26548540592193604,
      0.18278515338897705
    ],
    "files": [
      "means_l.webp",
      "means_u.webp"
    ]
  },
  "scales": {
    "shape": [
      240100,
      3
    ],
    "dtype": "float32",
    "mins": [
      -20.0,
      -20.0,
      -19.999998092651367
    ],
    "maxs": [
      -4.3214311599731445,
      -4.3214311599731445,
      -4.3214311599731445
    ],
    "files": [
      "scales.webp"
    ]
  },
  "quats": {
    "shape": [
      240100,
      4
    ],
    "dtype": "uint8",
    "encoding": "quaternion_packed",
    "files": [
      "quats.webp"
    ]
  },
  "sh0": {
    "shape": [
      240100,
      1,
      4
    ],
    "dtype": "float32",
    "mins": [
      -7.8371052742004395,
      -7.6424641609191895,
      -19.99984359741211,
      -19.945262908935547
    ],
    "maxs": [
      7.34389591217041,
      7.625759124755859,
      9.41323471069336,
      16.09878921508789
    ],
    "files": [
      "sh0.webp"
    ]
  }
}