{
  "means": {
    "shape": [
      240100,
      3
    ],
    "dtype": "float32",
    "mins": [
      -0.3939831554889679,
      -0.3736364245414734,
      -0.26239433884620667
    ],
    "maxs": [
      0.36334964632987976,
      0.28910842537879944,
      0.18356797099113464
    ],
    "files": [
      "means_l.webp",
      "means_u.webp"
    ]
  },
  "scales": {
    "shape": [
      240100,
      3
    ],
    "dtype": "float32",
    "mins": [
      -20.0,
      -20.0,
      -19.999998092651367
    ],
    "maxs": [
      -4.3214311599731445,
      -4.3214311599731445,
      -4.3214311599731445
    ],
    "files": [
      "scales.webp"
    ]
  },
  "quats": {
    "shape": [
      240100,
      4
    ],
    "dtype": "uint8",
    "encoding": "quaternion_packed",
    "files": [
      "quats.webp"
    ]
  },
  "sh0": {
    "shape": [
      240100,
      1,
      4
    ],
    "dtype": "float32",
    "mins": [
      -7.852659225463867,
      -7.288310527801514,
      -19.999818801879883,
      -19.954219818115234
    ],
    "maxs": [
      7.160943984985352,
      6.972860813140869,
      9.028101921081543,
      15.782827377319336
    ],
    "files": [
      "sh0.webp"
    ]
  }
}