{
  "means": {
    "shape": [
      240100,
      3
    ],
    "dtype": "float32",
    "mins": [
      -0.3831939697265625,
      -0.40489891171455383,
      -0.26110145449638367
    ],
    "maxs": [
      0.3078545033931732,
      0.2715352475643158,
      0.18091361224651337
    ],
    "files": [
      "means_l.webp",
      "means_u.webp"
    ]
  },
  "scales": {
    "shape": [
      240100,
      3
    ],
    "dtype": "float32",
    "mins": [
      -20.0,
      -20.0,
      -19.999998092651367
    ],
    "maxs": [
      -4.3214311599731445,
      -4.3214311599731445,
      -4.3214311599731445
    ],
    "files": [
      "scales.webp"
    ]
  },
  "quats": {
    "shape": [
      240100,
      4
    ],
    "dtype": "uint8",
    "encoding": "quaternion_packed",
    "files": [
      "quats.webp"
    ]
  },
  "sh0": {
    "shape": [
      240100,
      1,
      4
    ],
    "dtype": "float32",
    "mins": [
      -7.574183464050293,
      -7.7868170738220215,
      -19.99985122680664,
      -19.94575309753418
    ],
    "maxs": [
      7.731670379638672,
      8.367070198059082,
      9.60671329498291,
      15.985894203186035
    ],
    "files": [
      "sh0.webp"
    ]
  }
}