{
  "means": {
    "shape": [
      240100,
      3
    ],
    "dtype": "float32",
    "mins": [
      -0.38994210958480835,
      -0.35979247093200684,
      -0.20195089280605316
    ],
    "maxs": [
      0.3729235529899597,
      0.2692689299583435,
      0.1837489753961563
    ],
    "files": [
      "means_l.webp",
      "means_u.webp"
    ]
  },
  "scales": {
    "shape": [
      240100,
      3
    ],
    "dtype": "float32",
    "mins": [
      -20.0,
      -20.0,
      -19.999996185302734
    ],
    "maxs": [
      -4.3214311599731445,
      -4.3214311599731445,
      -4.3214311599731445
    ],
    "files": [
      "scales.webp"
    ]
  },
  "quats": {
    "shape": [
      240100,
      4
    ],
    "dtype": "uint8",
    "encoding": "quaternion_packed",
    "files": [
      "quats.webp"
    ]
  },
  "sh0": {
    "shape": [
      240100,
      1,
      4
    ],
    "dtype": "float32",
    "mins": [
      -8.50150203704834,
      -7.409735679626465,
      -19.999792098999023,
      -19.9442195892334
    ],
    "maxs": [
      6.667046546936035,
      8.285755157470703,
      10.982428550720215,
      14.608871459960938
    ],
    "files": [
      "sh0.webp"
    ]
  }
}