{
  "means": {
    "shape": [
      240100,
      3
    ],
    "dtype": "float32",
    "mins": [
      -0.3745233416557312,
      -0.376986563205719,
      -0.23424097895622253
    ],
    "maxs": [
      0.35034579038619995,
      0.2935029864311218,
      0.18855975568294525
    ],
    "files": [
      "means_l.webp",
      "means_u.webp"
    ]
  },
  "scales": {
    "shape": [
      240100,
      3
    ],
    "dtype": "float32",
    "mins": [
      -20.0,
      -20.0,
      -19.999996185302734
    ],
    "maxs": [
      -4.3214311599731445,
      -4.3214311599731445,
      -4.3214311599731445
    ],
    "files": [
      "scales.webp"
    ]
  },
  "quats": {
    "shape": [
      240100,
      4
    ],
    "dtype": "uint8",
    "encoding": "quaternion_packed",
    "files": [
      "quats.webp"
    ]
  },
  "sh0": {
    "shape": [
      240100,
      1,
      4
    ],
    "dtype": "float32",
    "mins": [
      -7.845160484313965,
      -7.873019695281982,
      -19.999757766723633,
      -19.950969696044922
    ],
    "maxs": [
      6.953162670135498,
      6.7157182693481445,
      9.907760620117188,
      15.06978988647461
    ],
    "files": [
      "sh0.webp"
    ]
  }
}