{
  "means": {
    "shape": [
      240100,
      3
    ],
    "dtype": "float32",
    "mins": [
      -0.3803112804889679,
      -0.4033186137676239,
      -0.26186075806617737
    ],
    "maxs": [
      0.30814704298973083,
      0.2669217884540558,
      0.17829497158527374
    ],
    "files": [
      "means_l.webp",
      "means_u.webp"
    ]
  },
  "scales": {
    "shape": [
      240100,
      3
    ],
    "dtype": "float32",
    "mins": [
      -20.0,
      -20.0,
      -19.999998092651367
    ],
    "maxs": [
      -4.3214311599731445,
      -4.3214311599731445,
      -4.3214311599731445
    ],
    "files": [
      "scales.webp"
    ]
  },
  "quats": {
    "shape": [
      240100,
      4
    ],
    "dtype": "uint8",
    "encoding": "quaternion_packed",
    "files": [
      "quats.webp"
    ]
  },
  "sh0": {
    "shape": [
      240100,
      1,
      4
    ],
    "dtype": "float32",
    "mins": [
      -7.538016319274902,
      -7.669919013977051,
      -19.99984359741211,
      -19.940963745117188
    ],
    "maxs": [
      7.943113327026367,
      8.129895210266113,
      9.468565940856934,
      16.4022159576416
    ],
    "files": [
      "sh0.webp"
    ]
  }
}