{
  "means": {
    "shape": [
      240100,
      3
    ],
    "dtype": "float32",
    "mins": [
      -0.40546512603759766,
      -0.372029572725296,
      -0.26278018951416016
    ],
    "maxs": [
      0.36551305651664734,
      0.2724432945251465,
      0.18281325697898865
    ],
    "files": [
      "means_l.webp",
      "means_u.webp"
    ]
  },
  "scales": {
    "shape": [
      240100,
      3
    ],
    "dtype": "float32",
    "mins": [
      -20.0,
      -20.0,
      -19.999998092651367
    ],
    "maxs": [
      -4.3214311599731445,
      -4.3214311599731445,
      -4.3214311599731445
    ],
    "files": [
      "scales.webp"
    ]
  },
  "quats": {
    "shape": [
      240100,
      4
    ],
    "dtype": "uint8",
    "encoding": "quaternion_packed",
    "files": [
      "quats.webp"
    ]
  },
  "sh0": {
    "shape": [
      240100,
      1,
      4
    ],
    "dtype": "float32",
    "mins": [
      -6.936102867126465,
      -7.310371398925781,
      -19.999765396118164,
      -19.94516944885254
    ],
    "maxs": [
      7.329233169555664,
      7.677445411682129,
      9.379998207092285,
      15.701515197753906
    ],
    "files": [
      "sh0.webp"
    ]
  }
}