{
  "means": {
    "shape": [
      240100,
      3
    ],
    "dtype": "float32",
    "mins": [
      -0.3628273904323578,
      -0.3831474483013153,
      -0.1787063330411911
    ],
    "maxs": [
      0.3789425492286682,
      0.2872978448867798,
      0.22308923304080963
    ],
    "files": [
      "means_l.webp",
      "means_u.webp"
    ]
  },
  "scales": {
    "shape": [
      240100,
      3
    ],
    "dtype": "float32",
    "mins": [
      -20.0,
      -19.999998092651367,
      -19.999996185302734
    ],
    "maxs": [
      -4.3214311599731445,
      -4.3214311599731445,
      -4.3214311599731445
    ],
    "files": [
      "scales.webp"
    ]
  },
  "quats": {
    "shape": [
      240100,
      4
    ],
    "dtype": "uint8",
    "encoding": "quaternion_packed",
    "files": [
      "quats.webp"
    ]
  },
  "sh0": {
    "shape": [
      240100,
      1,
      4
    ],
    "dtype": "float32",
    "mins": [
      -7.619656562805176,
      -7.977248191833496,
      -19.99978256225586,
      -19.94255828857422
    ],
    "maxs": [
      7.107671737670898,
      7.1632890701293945,
      10.519452095031738,
      14.61793041229248
    ],
    "files": [
      "sh0.webp"
    ]
  }
}