{
  "means": {
    "shape": [
      240100,
      3
    ],
    "dtype": "float32",
    "mins": [
      -0.38019758462905884,
      -0.3945424258708954,
      -0.2677064538002014
    ],
    "maxs": [
      0.3142979145050049,
      0.26280465722084045,
      0.1777607649564743
    ],
    "files": [
      "means_l.webp",
      "means_u.webp"
    ]
  },
  "scales": {
    "shape": [
      240100,
      3
    ],
    "dtype": "float32",
    "mins": [
      -20.0,
      -20.0,
      -19.999998092651367
    ],
    "maxs": [
      -4.3214311599731445,
      -4.3214311599731445,
      -4.3214311599731445
    ],
    "files": [
      "scales.webp"
    ]
  },
  "quats": {
    "shape": [
      240100,
      4
    ],
    "dtype": "uint8",
    "encoding": "quaternion_packed",
    "files": [
      "quats.webp"
    ]
  },
  "sh0": {
    "shape": [
      240100,
      1,
      4
    ],
    "dtype": "float32",
    "mins": [
      -7.693042755126953,
      -7.643063545227051,
      -19.999881744384766,
      -19.93918228149414
    ],
    "maxs": [
      7.994804382324219,
      8.297578811645508,
      9.71397590637207,
      16.63746452331543
    ],
    "files": [
      "sh0.webp"
    ]
  }
}