{
  "means": {
    "shape": [
      240100,
      3
    ],
    "dtype": "float32",
    "mins": [
      -0.40546512603759766,
      -0.378794401884079,
      -0.28353068232536316
    ],
    "maxs": [
      0.3524664342403412,
      0.26688653230667114,
      0.18238572776317596
    ],
    "files": [
      "means_l.webp",
      "means_u.webp"
    ]
  },
  "scales": {
    "shape": [
      240100,
      3
    ],
    "dtype": "float32",
    "mins": [
      -20.0,
      -20.0,
      -19.999998092651367
    ],
    "maxs": [
      -4.3214311599731445,
      -4.3214311599731445,
      -4.3214311599731445
    ],
    "files": [
      "scales.webp"
    ]
  },
  "quats": {
    "shape": [
      240100,
      4
    ],
    "dtype": "uint8",
    "encoding": "quaternion_packed",
    "files": [
      "quats.webp"
    ]
  },
  "sh0": {
    "shape": [
      240100,
      1,
      4
    ],
    "dtype": "float32",
    "mins": [
      -7.471202850341797,
      -7.27677583694458,
      -19.99977684020996,
      -19.943134307861328
    ],
    "maxs": [
      7.296260833740234,
      7.594357013702393,
      9.050508499145508,
      16.039283752441406
    ],
    "files": [
      "sh0.webp"
    ]
  }
}