{
  "means": {
    "shape": [
      240100,
      3
    ],
    "dtype": "float32",
    "mins": [
      -0.3823035955429077,
      -0.39056897163391113,
      -0.24931372702121735
    ],
    "maxs": [
      0.3401747941970825,
      0.26462340354919434,
      0.1829846054315567
    ],
    "files": [
      "means_l.webp",
      "means_u.webp"
    ]
  },
  "scales": {
    "shape": [
      240100,
      3
    ],
    "dtype": "float32",
    "mins": [
      -20.0,
      -20.0,
      -19.999998092651367
    ],
    "maxs": [
      -4.3214311599731445,
      -4.3214311599731445,
      -4.3214311599731445
    ],
    "files": [
      "scales.webp"
    ]
  },
  "quats": {
    "shape": [
      240100,
      4
    ],
    "dtype": "uint8",
    "encoding": "quaternion_packed",
    "files": [
      "quats.webp"
    ]
  },
  "sh0": {
    "shape": [
      240100,
      1,
      4
    ],
    "dtype": "float32",
    "mins": [
      -7.670449733734131,
      -7.805466651916504,
      -19.99987030029297,
      -19.949316024780273
    ],
    "maxs": [
      7.367919921875,
      7.528036117553711,
      9.630560874938965,
      16.177162170410156
    ],
    "files": [
      "sh0.webp"
    ]
  }
}