{
  "means": {
    "shape": [
      240100,
      3
    ],
    "dtype": "float32",
    "mins": [
      -0.38711440563201904,
      -0.3706965148448944,
      -0.26672208309173584
    ],
    "maxs": [
      0.35283130407333374,
      0.29910290241241455,
      0.18812601268291473
    ],
    "files": [
      "means_l.webp",
      "means_u.webp"
    ]
  },
  "scales": {
    "shape": [
      240100,
      3
    ],
    "dtype": "float32",
    "mins": [
      -20.0,
      -20.0,
      -19.999996185302734
    ],
    "maxs": [
      -4.3214311599731445,
      -4.3214311599731445,
      -4.3214311599731445
    ],
    "files": [
      "scales.webp"
    ]
  },
  "quats": {
    "shape": [
      240100,
      4
    ],
    "dtype": "uint8",
    "encoding": "quaternion_packed",
    "files": [
      "quats.webp"
    ]
  },
  "sh0": {
    "shape": [
      240100,
      1,
      4
    ],
    "dtype": "float32",
    "mins": [
      -7.959604740142822,
      -7.863008499145508,
      -19.99973487854004,
      -19.946096420288086
    ],
    "maxs": [
      6.839652061462402,
      6.746234893798828,
      9.699262619018555,
      15.187076568603516
    ],
    "files": [
      "sh0.webp"
    ]
  }
}