{
  "means": {
    "shape": [
      240100,
      3
    ],
    "dtype": "float32",
    "mins": [
      -0.353193074464798,
      -0.3856959044933319,
      -0.18352195620536804
    ],
    "maxs": [
      0.37978968024253845,
      0.2858864963054657,
      0.23787854611873627
    ],
    "files": [
      "means_l.webp",
      "means_u.webp"
    ]
  },
  "scales": {
    "shape": [
      240100,
      3
    ],
    "dtype": "float32",
    "mins": [
      -20.0,
      -19.999998092651367,
      -19.999996185302734
    ],
    "maxs": [
      -4.3214311599731445,
      -4.3214311599731445,
      -4.3214311599731445
    ],
    "files": [
      "scales.webp"
    ]
  },
  "quats": {
    "shape": [
      240100,
      4
    ],
    "dtype": "uint8",
    "encoding": "quaternion_packed",
    "files": [
      "quats.webp"
    ]
  },
  "sh0": {
    "shape": [
      240100,
      1,
      4
    ],
    "dtype": "float32",
    "mins": [
      -7.662222862243652,
      -8.039936065673828,
      -19.999740600585938,
      -19.94200325012207
    ],
    "maxs": [
      7.065473556518555,
      7.07021951675415,
      10.354999542236328,
      14.415322303771973
    ],
    "files": [
      "sh0.webp"
    ]
  }
}