{
  "means": {
    "shape": [
      240100,
      3
    ],
    "dtype": "float32",
    "mins": [
      -0.38455748558044434,
      -0.38728460669517517,
      -0.25332188606262207
    ],
    "maxs": [
      0.3305341899394989,
      0.2688705623149872,
      0.17932282388210297
    ],
    "files": [
      "means_l.webp",
      "means_u.webp"
    ]
  },
  "scales": {
    "shape": [
      240100,
      3
    ],
    "dtype": "float32",
    "mins": [
      -20.0,
      -20.0,
      -19.999998092651367
    ],
    "maxs": [
      -4.3214311599731445,
      -4.3214311599731445,
      -4.3214311599731445
    ],
    "files": [
      "scales.webp"
    ]
  },
  "quats": {
    "shape": [
      240100,
      4
    ],
    "dtype": "uint8",
    "encoding": "quaternion_packed",
    "files": [
      "quats.webp"
    ]
  },
  "sh0": {
    "shape": [
      240100,
      1,
      4
    ],
    "dtype": "float32",
    "mins": [
      -7.682621002197266,
      -7.7739577293396,
      -19.999902725219727,
      -19.957908630371094
    ],
    "maxs": [
      7.873071670532227,
      8.5993070602417,
      10.388279914855957,
      16.03360366821289
    ],
    "files": [
      "sh0.webp"
    ]
  }
}