{
  "means": {
    "shape": [
      240100,
      3
    ],
    "dtype": "float32",
    "mins": [
      -0.3793932795524597,
      -0.38593950867652893,
      -0.2077634632587433
    ],
    "maxs": [
      0.35102999210357666,
      0.2656248211860657,
      0.18408676981925964
    ],
    "files": [
      "means_l.webp",
      "means_u.webp"
    ]
  },
  "scales": {
    "shape": [
      240100,
      3
    ],
    "dtype": "float32",
    "mins": [
      -20.0,
      -20.0,
      -19.999998092651367
    ],
    "maxs": [
      -4.3214311599731445,
      -4.3214311599731445,
      -4.3214311599731445
    ],
    "files": [
      "scales.webp"
    ]
  },
  "quats": {
    "shape": [
      240100,
      4
    ],
    "dtype": "uint8",
    "encoding": "quaternion_packed",
    "files": [
      "quats.webp"
    ]
  },
  "sh0": {
    "shape": [
      240100,
      1,
      4
    ],
    "dtype": "float32",
    "mins": [
      -7.335680961608887,
      -7.8401665687561035,
      -19.999923706054688,
      -19.96399688720703
    ],
    "maxs": [
      7.901411056518555,
      8.117396354675293,
      10.311942100524902,
      15.787275314331055
    ],
    "files": [
      "sh0.webp"
    ]
  }
}