{
  "means": {
    "shape": [
      240100,
      3
    ],
    "dtype": "float32",
    "mins": [
      -0.38599327206611633,
      -0.3674854636192322,
      -0.20078441500663757
    ],
    "maxs": [
      0.3642083704471588,
      0.27746790647506714,
      0.22167113423347473
    ],
    "files": [
      "means_l.webp",
      "means_u.webp"
    ]
  },
  "scales": {
    "shape": [
      240100,
      3
    ],
    "dtype": "float32",
    "mins": [
      -20.0,
      -20.0,
      -19.999998092651367
    ],
    "maxs": [
      -4.3214311599731445,
      -4.3214311599731445,
      -4.3214311599731445
    ],
    "files": [
      "scales.webp"
    ]
  },
  "quats": {
    "shape": [
      240100,
      4
    ],
    "dtype": "uint8",
    "encoding": "quaternion_packed",
    "files": [
      "quats.webp"
    ]
  },
  "sh0": {
    "shape": [
      240100,
      1,
      4
    ],
    "dtype": "float32",
    "mins": [
      -8.032649040222168,
      -7.340582847595215,
      -19.999820709228516,
      -19.946014404296875
    ],
    "maxs": [
      7.26145076751709,
      7.9838056564331055,
      10.580318450927734,
      15.509037971496582
    ],
    "files": [
      "sh0.webp"
    ]
  }
}