{
  "means": {
    "shape": [
      240100,
      3
    ],
    "dtype": "float32",
    "mins": [
      -0.40546512603759766,
      -0.3624545931816101,
      -0.25204557180404663
    ],
    "maxs": [
      0.3751116693019867,
      0.282469242811203,
      0.18410751223564148
    ],
    "files": [
      "means_l.webp",
      "means_u.webp"
    ]
  },
  "scales": {
    "shape": [
      240100,
      3
    ],
    "dtype": "float32",
    "mins": [
      -20.0,
      -20.0,
      -19.999996185302734
    ],
    "maxs": [
      -4.3214311599731445,
      -4.3214311599731445,
      -4.3214311599731445
    ],
    "files": [
      "scales.webp"
    ]
  },
  "quats": {
    "shape": [
      240100,
      4
    ],
    "dtype": "uint8",
    "encoding": "quaternion_packed",
    "files": [
      "quats.webp"
    ]
  },
  "sh0": {
    "shape": [
      240100,
      1,
      4
    ],
    "dtype": "float32",
    "mins": [
      -6.4664130210876465,
      -7.155966281890869,
      -19.9997501373291,
      -19.935522079467773
    ],
    "maxs": [
      7.234460830688477,
      8.036284446716309,
      9.827393531799316,
      14.871578216552734
    ],
    "files": [
      "sh0.webp"
    ]
  }
}