{
  "means": {
    "shape": [
      240100,
      3
    ],
    "dtype": "float32",
    "mins": [
      -0.3564322590827942,
      -0.38952434062957764,
      -0.18783129751682281
    ],
    "maxs": [
      0.3656509518623352,
      0.26076874136924744,
      0.18494589626789093
    ],
    "files": [
      "means_l.webp",
      "means_u.webp"
    ]
  },
  "scales": {
    "shape": [
      240100,
      3
    ],
    "dtype": "float32",
    "mins": [
      -20.0,
      -20.0,
      -19.999998092651367
    ],
    "maxs": [
      -4.3214311599731445,
      -4.3214311599731445,
      -4.3214311599731445
    ],
    "files": [
      "scales.webp"
    ]
  },
  "quats": {
    "shape": [
      240100,
      4
    ],
    "dtype": "uint8",
    "encoding": "quaternion_packed",
    "files": [
      "quats.webp"
    ]
  },
  "sh0": {
    "shape": [
      240100,
      1,
      4
    ],
    "dtype": "float32",
    "mins": [
      -8.363983154296875,
      -7.9645280838012695,
      -19.999908447265625,
      -19.965314865112305
    ],
    "maxs": [
      7.750246047973633,
      7.278594017028809,
      10.252273559570312,
      14.965691566467285
    ],
    "files": [
      "sh0.webp"
    ]
  }
}