{
  "means": {
    "shape": [
      240100,
      3
    ],
    "dtype": "float32",
    "mins": [
      -0.40371501445770264,
      -0.36331698298454285,
      -0.2993833124637604
    ],
    "maxs": [
      0.37725114822387695,
      0.2865793704986572,
      0.18624523282051086
    ],
    "files": [
      "means_l.webp",
      "means_u.webp"
    ]
  },
  "scales": {
    "shape": [
      240100,
      3
    ],
    "dtype": "float32",
    "mins": [
      -20.0,
      -20.0,
      -19.999998092651367
    ],
    "maxs": [
      -4.3214311599731445,
      -4.3214311599731445,
      -4.3214311599731445
    ],
    "files": [
      "scales.webp"
    ]
  },
  "quats": {
    "shape": [
      240100,
      4
    ],
    "dtype": "uint8",
    "encoding": "quaternion_packed",
    "files": [
      "quats.webp"
    ]
  },
  "sh0": {
    "shape": [
      240100,
      1,
      4
    ],
    "dtype": "float32",
    "mins": [
      -8.087886810302734,
      -7.385809898376465,
      -19.999826431274414,
      -19.958646774291992
    ],
    "maxs": [
      6.903817653656006,
      7.617613792419434,
      9.745560646057129,
      15.408933639526367
    ],
    "files": [
      "sh0.webp"
    ]
  }
}