{
  "means": {
    "shape": [
      240100,
      3
    ],
    "dtype": "float32",
    "mins": [
      -0.3403891623020172,
      -0.3900761306285858,
      -0.2125937044620514
    ],
    "maxs": [
      0.3548058569431305,
      0.27050164341926575,
      0.18481221795082092
    ],
    "files": [
      "means_l.webp",
      "means_u.webp"
    ]
  },
  "scales": {
    "shape": [
      240100,
      3
    ],
    "dtype": "float32",
    "mins": [
      -20.0,
      -20.0,
      -19.999998092651367
    ],
    "maxs": [
      -4.3214311599731445,
      -4.3214311599731445,
      -4.3214311599731445
    ],
    "files": [
      "scales.webp"
    ]
  },
  "quats": {
    "shape": [
      240100,
      4
    ],
    "dtype": "uint8",
    "encoding": "quaternion_packed",
    "files": [
      "quats.webp"
    ]
  },
  "sh0": {
    "shape": [
      240100,
      1,
      4
    ],
    "dtype": "float32",
    "mins": [
      -7.911440849304199,
      -7.803225517272949,
      -19.999868392944336,
      -19.95720672607422
    ],
    "maxs": [
      7.399966716766357,
      6.6319684982299805,
      9.918596267700195,
      15.231884002685547
    ],
    "files": [
      "sh0.webp"
    ]
  }
}