{
  "means": {
    "shape": [
      240100,
      3
    ],
    "dtype": "float32",
    "mins": [
      -0.40546512603759766,
      -0.36299118399620056,
      -0.25182974338531494
    ],
    "maxs": [
      0.37936750054359436,
      0.28141605854034424,
      0.18321405351161957
    ],
    "files": [
      "means_l.webp",
      "means_u.webp"
    ]
  },
  "scales": {
    "shape": [
      240100,
      3
    ],
    "dtype": "float32",
    "mins": [
      -20.0,
      -19.999998092651367,
      -19.999996185302734
    ],
    "maxs": [
      -4.3214311599731445,
      -4.3214311599731445,
      -4.3214311599731445
    ],
    "files": [
      "scales.webp"
    ]
  },
  "quats": {
    "shape": [
      240100,
      4
    ],
    "dtype": "uint8",
    "encoding": "quaternion_packed",
    "files": [
      "quats.webp"
    ]
  },
  "sh0": {
    "shape": [
      240100,
      1,
      4
    ],
    "dtype": "float32",
    "mins": [
      -6.335732460021973,
      -7.190025329589844,
      -19.99972915649414,
      -19.93661117553711
    ],
    "maxs": [
      7.16534423828125,
      7.889981746673584,
      9.693758010864258,
      15.106399536132812
    ],
    "files": [
      "sh0.webp"
    ]
  }
}