{
  "means": {
    "shape": [
      240100,
      3
    ],
    "dtype": "float32",
    "mins": [
      -0.40546512603759766,
      -0.3678220212459564,
      -0.2525690793991089
    ],
    "maxs": [
      0.37545982003211975,
      0.27493274211883545,
      0.18273092806339264
    ],
    "files": [
      "means_l.webp",
      "means_u.webp"
    ]
  },
  "scales": {
    "shape": [
      240100,
      3
    ],
    "dtype": "float32",
    "mins": [
      -20.0,
      -19.999998092651367,
      -19.999996185302734
    ],
    "maxs": [
      -4.3214311599731445,
      -4.3214311599731445,
      -4.3214311599731445
    ],
    "files": [
      "scales.webp"
    ]
  },
  "quats": {
    "shape": [
      240100,
      4
    ],
    "dtype": "uint8",
    "encoding": "quaternion_packed",
    "files": [
      "quats.webp"
    ]
  },
  "sh0": {
    "shape": [
      240100,
      1,
      4
    ],
    "dtype": "float32",
    "mins": [
      -6.469881057739258,
      -7.271833419799805,
      -19.999727249145508,
      -19.940122604370117
    ],
    "maxs": [
      7.2969818115234375,
      7.765315055847168,
      9.53666877746582,
      15.470696449279785
    ],
    "files": [
      "sh0.webp"
    ]
  }
}