{
  "means": {
    "shape": [
      240100,
      3
    ],
    "dtype": "float32",
    "mins": [
      -0.3667861819267273,
      -0.38938093185424805,
      -0.2408985197544098
    ],
    "maxs": [
      0.34668785333633423,
      0.2964494824409485,
      0.18387354910373688
    ],
    "files": [
      "means_l.webp",
      "means_u.webp"
    ]
  },
  "scales": {
    "shape": [
      240100,
      3
    ],
    "dtype": "float32",
    "mins": [
      -20.0,
      -20.0,
      -19.999996185302734
    ],
    "maxs": [
      -4.3214311599731445,
      -4.3214311599731445,
      -4.3214311599731445
    ],
    "files": [
      "scales.webp"
    ]
  },
  "quats": {
    "shape": [
      240100,
      4
    ],
    "dtype": "uint8",
    "encoding": "quaternion_packed",
    "files": [
      "quats.webp"
    ]
  },
  "sh0": {
    "shape": [
      240100,
      1,
      4
    ],
    "dtype": "float32",
    "mins": [
      -7.8199143409729,
      -7.30293083190918,
      -19.99976348876953,
      -19.941675186157227
    ],
    "maxs": [
      6.870028972625732,
      6.98836088180542,
      9.085672378540039,
      15.952048301696777
    ],
    "files": [
      "sh0.webp"
    ]
  }
}