{
  "means": {
    "shape": [
      240100,
      3
    ],
    "dtype": "float32",
    "mins": [
      -0.39347222447395325,
      -0.39022719860076904,
      -0.23989592492580414
    ],
    "maxs": [
      0.3307560980319977,
      0.27944427728652954,
      0.18476732075214386
    ],
    "files": [
      "means_l.webp",
      "means_u.webp"
    ]
  },
  "scales": {
    "shape": [
      240100,
      3
    ],
    "dtype": "float32",
    "mins": [
      -20.0,
      -20.0,
      -19.999998092651367
    ],
    "maxs": [
      -4.3214311599731445,
      -4.3214311599731445,
      -4.3214311599731445
    ],
    "files": [
      "scales.webp"
    ]
  },
  "quats": {
    "shape": [
      240100,
      4
    ],
    "dtype": "uint8",
    "encoding": "quaternion_packed",
    "files": [
      "quats.webp"
    ]
  },
  "sh0": {
    "shape": [
      240100,
      1,
      4
    ],
    "dtype": "float32",
    "mins": [
      -7.231657981872559,
      -7.808768272399902,
      -19.9998779296875,
      -19.957225799560547
    ],
    "maxs": [
      7.6531147956848145,
      8.8353271484375,
      10.77873420715332,
      15.752681732177734
    ],
    "files": [
      "sh0.webp"
    ]
  }
}