{
  "means": {
    "shape": [
      240100,
      3
    ],
    "dtype": "float32",
    "mins": [
      -0.36305150389671326,
      -0.3827281594276428,
      -0.18432439863681793
    ],
    "maxs": [
      0.37338870763778687,
      0.281970739364624,
      0.27505040168762207
    ],
    "files": [
      "means_l.webp",
      "means_u.webp"
    ]
  },
  "scales": {
    "shape": [
      240100,
      3
    ],
    "dtype": "float32",
    "mins": [
      -20.0,
      -19.999998092651367,
      -19.99999237060547
    ],
    "maxs": [
      -4.3214311599731445,
      -4.3214311599731445,
      -4.3214311599731445
    ],
    "files": [
      "scales.webp"
    ]
  },
  "quats": {
    "shape": [
      240100,
      4
    ],
    "dtype": "uint8",
    "encoding": "quaternion_packed",
    "files": [
      "quats.webp"
    ]
  },
  "sh0": {
    "shape": [
      240100,
      1,
      4
    ],
    "dtype": "float32",
    "mins": [
      -8.070670127868652,
      -8.126884460449219,
      -19.9996337890625,
      -19.9263973236084
    ],
    "maxs": [
      6.877551555633545,
      7.125030517578125,
      10.259567260742188,
      14.298148155212402
    ],
    "files": [
      "sh0.webp"
    ]
  }
}