{
  "means": {
    "shape": [
      240100,
      3
    ],
    "dtype": "float32",
    "mins": [
      -0.38813576102256775,
      -0.3988015949726105,
      -0.252243310213089
    ],
    "maxs": [
      0.31613966822624207,
      0.27217644453048706,
      0.18012668192386627
    ],
    "files": [
      "means_l.webp",
      "means_u.webp"
    ]
  },
  "scales": {
    "shape": [
      240100,
      3
    ],
    "dtype": "float32",
    "mins": [
      -20.0,
      -20.0,
      -19.999998092651367
    ],
    "maxs": [
      -4.3214311599731445,
      -4.3214311599731445,
      -4.3214311599731445
    ],
    "files": [
      "scales.webp"
    ]
  },
  "quats": {
    "shape": [
      240100,
      4
    ],
    "dtype": "uint8",
    "encoding": "quaternion_packed",
    "files": [
      "quats.webp"
    ]
  },
  "sh0": {
    "shape": [
      240100,
      1,
      4
    ],
    "dtype": "float32",
    "mins": [
      -7.617877006530762,
      -7.79457950592041,
      -19.999874114990234,
      -19.952381134033203
    ],
    "maxs": [
      7.788331031799316,
      8.537456512451172,
      9.918828010559082,
      15.938773155212402
    ],
    "files": [
      "sh0.webp"
    ]
  }
}