{
  "means": {
    "shape": [
      240100,
      3
    ],
    "dtype": "float32",
    "mins": [
      -0.40546512603759766,
      -0.3675602078437805,
      -0.2594013810157776
    ],
    "maxs": [
      0.37465396523475647,
      0.2751125395298004,
      0.18283838033676147
    ],
    "files": [
      "means_l.webp",
      "means_u.webp"
    ]
  },
  "scales": {
    "shape": [
      240100,
      3
    ],
    "dtype": "float32",
    "mins": [
      -20.0,
      -19.999998092651367,
      -19.999996185302734
    ],
    "maxs": [
      -4.3214311599731445,
      -4.3214311599731445,
      -4.3214311599731445
    ],
    "files": [
      "scales.webp"
    ]
  },
  "quats": {
    "shape": [
      240100,
      4
    ],
    "dtype": "uint8",
    "encoding": "quaternion_packed",
    "files": [
      "quats.webp"
    ]
  },
  "sh0": {
    "shape": [
      240100,
      1,
      4
    ],
    "dtype": "float32",
    "mins": [
      -6.725628852844238,
      -7.273984432220459,
      -19.999740600585938,
      -19.94390296936035
    ],
    "maxs": [
      7.243722915649414,
      7.616091251373291,
      9.397504806518555,
      15.519844055175781
    ],
    "files": [
      "sh0.webp"
    ]
  }
}