{
  "means": {
    "shape": [
      240100,
      3
    ],
    "dtype": "float32",
    "mins": [
      -0.33562058210372925,
      -0.38745757937431335,
      -0.1957692950963974
    ],
    "maxs": [
      0.37355712056159973,
      0.28445717692375183,
      0.18502123653888702
    ],
    "files": [
      "means_l.webp",
      "means_u.webp"
    ]
  },
  "scales": {
    "shape": [
      240100,
      3
    ],
    "dtype": "float32",
    "mins": [
      -20.0,
      -20.0,
      -19.999998092651367
    ],
    "maxs": [
      -4.3214311599731445,
      -4.3214311599731445,
      -4.3214311599731445
    ],
    "files": [
      "scales.webp"
    ]
  },
  "quats": {
    "shape": [
      240100,
      4
    ],
    "dtype": "uint8",
    "encoding": "quaternion_packed",
    "files": [
      "quats.webp"
    ]
  },
  "sh0": {
    "shape": [
      240100,
      1,
      4
    ],
    "dtype": "float32",
    "mins": [
      -8.422892570495605,
      -8.257731437683105,
      -19.99981117248535,
      -19.955137252807617
    ],
    "maxs": [
      7.2284369468688965,
      6.558636665344238,
      10.110692024230957,
      14.350290298461914
    ],
    "files": [
      "sh0.webp"
    ]
  }
}