{
  "means": {
    "shape": [
      240100,
      3
    ],
    "dtype": "float32",
    "mins": [
      -0.40546512603759766,
      -0.36921313405036926,
      -0.27656853199005127
    ],
    "maxs": [
      0.3704463541507721,
      0.27541226148605347,
      0.18272888660430908
    ],
    "files": [
      "means_l.webp",
      "means_u.webp"
    ]
  },
  "scales": {
    "shape": [
      240100,
      3
    ],
    "dtype": "float32",
    "mins": [
      -20.0,
      -20.0,
      -19.999996185302734
    ],
    "maxs": [
      -4.3214311599731445,
      -4.3214311599731445,
      -4.3214311599731445
    ],
    "files": [
      "scales.webp"
    ]
  },
  "quats": {
    "shape": [
      240100,
      4
    ],
    "dtype": "uint8",
    "encoding": "quaternion_packed",
    "files": [
      "quats.webp"
    ]
  },
  "sh0": {
    "shape": [
      240100,
      1,
      4
    ],
    "dtype": "float32",
    "mins": [
      -7.136117935180664,
      -7.228851318359375,
      -19.99976921081543,
      -19.94732666015625
    ],
    "maxs": [
      7.058089256286621,
      7.2874298095703125,
      8.838508605957031,
      15.583714485168457
    ],
    "files": [
      "sh0.webp"
    ]
  }
}