{
  "means": {
    "shape": [
      240100,
      3
    ],
    "dtype": "float32",
    "mins": [
      -0.3868544101715088,
      -0.38960760831832886,
      -0.26742076873779297
    ],
    "maxs": [
      0.3202899396419525,
      0.2657352387905121,
      0.1783115267753601
    ],
    "files": [
      "means_l.webp",
      "means_u.webp"
    ]
  },
  "scales": {
    "shape": [
      240100,
      3
    ],
    "dtype": "float32",
    "mins": [
      -20.0,
      -20.0,
      -19.999998092651367
    ],
    "maxs": [
      -4.3214311599731445,
      -4.3214311599731445,
      -4.3214311599731445
    ],
    "files": [
      "scales.webp"
    ]
  },
  "quats": {
    "shape": [
      240100,
      4
    ],
    "dtype": "uint8",
    "encoding": "quaternion_packed",
    "files": [
      "quats.webp"
    ]
  },
  "sh0": {
    "shape": [
      240100,
      1,
      4
    ],
    "dtype": "float32",
    "mins": [
      -7.667470455169678,
      -7.720527648925781,
      -19.9998779296875,
      -19.9520320892334
    ],
    "maxs": [
      7.861995697021484,
      8.816414833068848,
      10.400768280029297,
      16.351600646972656
    ],
    "files": [
      "sh0.webp"
    ]
  }
}