{
  "means": {
    "shape": [
      240100,
      3
    ],
    "dtype": "float32",
    "mins": [
      -0.38497111201286316,
      -0.3632434010505676,
      -0.18045265972614288
    ],
    "maxs": [
      0.3749607503414154,
      0.27797502279281616,
      0.22476622462272644
    ],
    "files": [
      "means_l.webp",
      "means_u.webp"
    ]
  },
  "scales": {
    "shape": [
      240100,
      3
    ],
    "dtype": "float32",
    "mins": [
      -20.0,
      -20.0,
      -19.999996185302734
    ],
    "maxs": [
      -4.3214311599731445,
      -4.3214311599731445,
      -4.3214311599731445
    ],
    "files": [
      "scales.webp"
    ]
  },
  "quats": {
    "shape": [
      240100,
      4
    ],
    "dtype": "uint8",
    "encoding": "quaternion_packed",
    "files": [
      "quats.webp"
    ]
  },
  "sh0": {
    "shape": [
      240100,
      1,
      4
    ],
    "dtype": "float32",
    "mins": [
      -8.304555892944336,
      -7.312622547149658,
      -19.999858856201172,
      -19.948726654052734
    ],
    "maxs": [
      6.957818984985352,
      8.455390930175781,
      10.872562408447266,
      14.677886962890625
    ],
    "files": [
      "sh0.webp"
    ]
  }
}