{
  "means": {
    "shape": [
      240100,
      3
    ],
    "dtype": "float32",
    "mins": [
      -0.3637216091156006,
      -0.3826039135456085,
      -0.1895974576473236
    ],
    "maxs": [
      0.3630870580673218,
      0.28425493836402893,
      0.2361445128917694
    ],
    "files": [
      "means_l.webp",
      "means_u.webp"
    ]
  },
  "scales": {
    "shape": [
      240100,
      3
    ],
    "dtype": "float32",
    "mins": [
      -20.0,
      -19.999998092651367,
      -19.9999942779541
    ],
    "maxs": [
      -4.3214311599731445,
      -4.3214311599731445,
      -4.3214311599731445
    ],
    "files": [
      "scales.webp"
    ]
  },
  "quats": {
    "shape": [
      240100,
      4
    ],
    "dtype": "uint8",
    "encoding": "quaternion_packed",
    "files": [
      "quats.webp"
    ]
  },
  "sh0": {
    "shape": [
      240100,
      1,
      4
    ],
    "dtype": "float32",
    "mins": [
      -7.75134801864624,
      -7.831724166870117,
      -19.99973487854004,
      -19.934398651123047
    ],
    "maxs": [
      6.922372817993164,
      7.095122337341309,
      9.830705642700195,
      14.813192367553711
    ],
    "files": [
      "sh0.webp"
    ]
  }
}