{
  "means": {
    "shape": [
      240100,
      3
    ],
    "dtype": "float32",
    "mins": [
      -0.33559682965278625,
      -0.39178481698036194,
      -0.21345877647399902
    ],
    "maxs": [
      0.3231032192707062,
      0.31233900785446167,
      0.18843090534210205
    ],
    "files": [
      "means_l.webp",
      "means_u.webp"
    ]
  },
  "scales": {
    "shape": [
      240100,
      3
    ],
    "dtype": "float32",
    "mins": [
      -20.0,
      -20.0,
      -19.999996185302734
    ],
    "maxs": [
      -4.3214311599731445,
      -4.3214311599731445,
      -4.3214311599731445
    ],
    "files": [
      "scales.webp"
    ]
  },
  "quats": {
    "shape": [
      240100,
      4
    ],
    "dtype": "uint8",
    "encoding": "quaternion_packed",
    "files": [
      "quats.webp"
    ]
  },
  "sh0": {
    "shape": [
      240100,
      1,
      4
    ],
    "dtype": "float32",
    "mins": [
      -8.348920822143555,
      -7.3762125968933105,
      -19.99968719482422,
      -19.939626693725586
    ],
    "maxs": [
      7.522773742675781,
      7.320379257202148,
      9.776619911193848,
      14.613311767578125
    ],
    "files": [
      "sh0.webp"
    ]
  }
}