{
  "means": {
    "shape": [
      240100,
      3
    ],
    "dtype": "float32",
    "mins": [
      -0.35164302587509155,
      -0.3913113474845886,
      -0.19433186948299408
    ],
    "maxs": [
      0.3527884781360626,
      0.25922122597694397,
      0.1838882565498352
    ],
    "files": [
      "means_l.webp",
      "means_u.webp"
    ]
  },
  "scales": {
    "shape": [
      240100,
      3
    ],
    "dtype": "float32",
    "mins": [
      -20.0,
      -20.0,
      -19.999998092651367
    ],
    "maxs": [
      -4.3214311599731445,
      -4.3214311599731445,
      -4.3214311599731445
    ],
    "files": [
      "scales.webp"
    ]
  },
  "quats": {
    "shape": [
      240100,
      4
    ],
    "dtype": "uint8",
    "encoding": "quaternion_packed",
    "files": [
      "quats.webp"
    ]
  },
  "sh0": {
    "shape": [
      240100,
      1,
      4
    ],
    "dtype": "float32",
    "mins": [
      -7.945208549499512,
      -7.860742568969727,
      -19.999927520751953,
      -19.964595794677734
    ],
    "maxs": [
      8.003216743469238,
      7.553834438323975,
      9.982636451721191,
      15.494332313537598
    ],
    "files": [
      "sh0.webp"
    ]
  }
}