{
  "means": {
    "shape": [
      240100,
      3
    ],
    "dtype": "float32",
    "mins": [
      -0.3916212320327759,
      -0.3874460458755493,
      -0.2600334584712982
    ],
    "maxs": [
      0.326922208070755,
      0.27373263239860535,
      0.17954879999160767
    ],
    "files": [
      "means_l.webp",
      "means_u.webp"
    ]
  },
  "scales": {
    "shape": [
      240100,
      3
    ],
    "dtype": "float32",
    "mins": [
      -20.0,
      -20.0,
      -19.999998092651367
    ],
    "maxs": [
      -4.3214311599731445,
      -4.3214311599731445,
      -4.3214311599731445
    ],
    "files": [
      "scales.webp"
    ]
  },
  "quats": {
    "shape": [
      240100,
      4
    ],
    "dtype": "uint8",
    "encoding": "quaternion_packed",
    "files": [
      "quats.webp"
    ]
  },
  "sh0": {
    "shape": [
      240100,
      1,
      4
    ],
    "dtype": "float32",
    "mins": [
      -7.711741924285889,
      -7.91085147857666,
      -19.999916076660156,
      -19.962026596069336
    ],
    "maxs": [
      7.968830585479736,
      9.3427095413208,
      10.953093528747559,
      15.961772918701172
    ],
    "files": [
      "sh0.webp"
    ]
  }
}