{
  "means": {
    "shape": [
      240100,
      3
    ],
    "dtype": "float32",
    "mins": [
      -0.3403376042842865,
      -0.388231486082077,
      -0.18571722507476807
    ],
    "maxs": [
      0.3798910081386566,
      0.2830541729927063,
      0.18513476848602295
    ],
    "files": [
      "means_l.webp",
      "means_u.webp"
    ]
  },
  "scales": {
    "shape": [
      240100,
      3
    ],
    "dtype": "float32",
    "mins": [
      -20.0,
      -20.0,
      -19.999998092651367
    ],
    "maxs": [
      -4.3214311599731445,
      -4.3214311599731445,
      -4.3214311599731445
    ],
    "files": [
      "scales.webp"
    ]
  },
  "quats": {
    "shape": [
      240100,
      4
    ],
    "dtype": "uint8",
    "encoding": "quaternion_packed",
    "files": [
      "quats.webp"
    ]
  },
  "sh0": {
    "shape": [
      240100,
      1,
      4
    ],
    "dtype": "float32",
    "mins": [
      -8.430506706237793,
      -8.587911605834961,
      -19.99982452392578,
      -19.957422256469727
    ],
    "maxs": [
      7.17120361328125,
      6.7497968673706055,
      10.783905029296875,
      14.176759719848633
    ],
    "files": [
      "sh0.webp"
    ]
  }
}