{
  "means": {
    "shape": [
      240100,
      3
    ],
    "dtype": "float32",
    "mins": [
      -0.36847758293151855,
      -0.3837552070617676,
      -0.17681017518043518
    ],
    "maxs": [
      0.3734709322452545,
      0.2765030562877655,
      0.1847582459449768
    ],
    "files": [
      "means_l.webp",
      "means_u.webp"
    ]
  },
  "scales": {
    "shape": [
      240100,
      3
    ],
    "dtype": "float32",
    "mins": [
      -20.0,
      -20.0,
      -19.999998092651367
    ],
    "maxs": [
      -4.3214311599731445,
      -4.3214311599731445,
      -4.3214311599731445
    ],
    "files": [
      "scales.webp"
    ]
  },
  "quats": {
    "shape": [
      240100,
      4
    ],
    "dtype": "uint8",
    "encoding": "quaternion_packed",
    "files": [
      "quats.webp"
    ]
  },
  "sh0": {
    "shape": [
      240100,
      1,
      4
    ],
    "dtype": "float32",
    "mins": [
      -7.5891923904418945,
      -7.8290910720825195,
      -19.9998722076416,
      -19.95522117614746
    ],
    "maxs": [
      7.469501495361328,
      7.168302536010742,
      10.196046829223633,
      14.912080764770508
    ],
    "files": [
      "sh0.webp"
    ]
  }
}