{
  "means": {
    "shape": [
      240100,
      3
    ],
    "dtype": "float32",
    "mins": [
      -0.39200836420059204,
      -0.39037618041038513,
      -0.2743901014328003
    ],
    "maxs": [
      0.33249327540397644,
      0.2642178535461426,
      0.17896652221679688
    ],
    "files": [
      "means_l.webp",
      "means_u.webp"
    ]
  },
  "scales": {
    "shape": [
      240100,
      3
    ],
    "dtype": "float32",
    "mins": [
      -20.0,
      -20.0,
      -19.999998092651367
    ],
    "maxs": [
      -4.3214311599731445,
      -4.3214311599731445,
      -4.3214311599731445
    ],
    "files": [
      "scales.webp"
    ]
  },
  "quats": {
    "shape": [
      240100,
      4
    ],
    "dtype": "uint8",
    "encoding": "quaternion_packed",
    "files": [
      "quats.webp"
    ]
  },
  "sh0": {
    "shape": [
      240100,
      1,
      4
    ],
    "dtype": "float32",
    "mins": [
      -7.62434720993042,
      -7.3949480056762695,
      -19.99984359741211,
      -19.939434051513672
    ],
    "maxs": [
      7.7043304443359375,
      7.563450813293457,
      8.987085342407227,
      16.254440307617188
    ],
    "files": [
      "sh0.webp"
    ]
  }
}