{
  "means": {
    "shape": [
      240100,
      3
    ],
    "dtype": "float32",
    "mins": [
      -0.384822815656662,
      -0.3844378888607025,
      -0.25044897198677063
    ],
    "maxs": [
      0.35357508063316345,
      0.27273935079574585,
      0.18401451408863068
    ],
    "files": [
      "means_l.webp",
      "means_u.webp"
    ]
  },
  "scales": {
    "shape": [
      240100,
      3
    ],
    "dtype": "float32",
    "mins": [
      -20.0,
      -20.0,
      -19.999996185302734
    ],
    "maxs": [
      -4.3214311599731445,
      -4.3214311599731445,
      -4.3214311599731445
    ],
    "files": [
      "scales.webp"
    ]
  },
  "quats": {
    "shape": [
      240100,
      4
    ],
    "dtype": "uint8",
    "encoding": "quaternion_packed",
    "files": [
      "quats.webp"
    ]
  },
  "sh0": {
    "shape": [
      240100,
      1,
      4
    ],
    "dtype": "float32",
    "mins": [
      -7.4666337966918945,
      -7.382678031921387,
      -19.99983024597168,
      -19.94947624206543
    ],
    "maxs": [
      7.120239734649658,
      7.179119110107422,
      9.488431930541992,
      15.997103691101074
    ],
    "files": [
      "sh0.webp"
    ]
  }
}