{
  "means": {
    "shape": [
      240100,
      3
    ],
    "dtype": "float32",
    "mins": [
      -0.368533194065094,
      -0.39049893617630005,
      -0.20993538200855255
    ],
    "maxs": [
      0.35224899649620056,
      0.26674413681030273,
      0.1843075305223465
    ],
    "files": [
      "means_l.webp",
      "means_u.webp"
    ]
  },
  "scales": {
    "shape": [
      240100,
      3
    ],
    "dtype": "float32",
    "mins": [
      -20.0,
      -20.0,
      -19.999998092651367
    ],
    "maxs": [
      -4.3214311599731445,
      -4.3214311599731445,
      -4.3214311599731445
    ],
    "files": [
      "scales.webp"
    ]
  },
  "quats": {
    "shape": [
      240100,
      4
    ],
    "dtype": "uint8",
    "encoding": "quaternion_packed",
    "files": [
      "quats.webp"
    ]
  },
  "sh0": {
    "shape": [
      240100,
      1,
      4
    ],
    "dtype": "float32",
    "mins": [
      -7.46535062789917,
      -7.741015434265137,
      -19.9998779296875,
      -19.955636978149414
    ],
    "maxs": [
      7.339000225067139,
      7.09217643737793,
      9.59488296508789,
      15.8131685256958
    ],
    "files": [
      "sh0.webp"
    ]
  }
}