{
  "means": {
    "shape": [
      240100,
      3
    ],
    "dtype": "float32",
    "mins": [
      -0.3570006489753723,
      -0.3912505507469177,
      -0.19729243218898773
    ],
    "maxs": [
      0.3522539436817169,
      0.26212161779403687,
      0.18420368432998657
    ],
    "files": [
      "means_l.webp",
      "means_u.webp"
    ]
  },
  "scales": {
    "shape": [
      240100,
      3
    ],
    "dtype": "float32",
    "mins": [
      -20.0,
      -20.0,
      -19.999998092651367
    ],
    "maxs": [
      -4.3214311599731445,
      -4.3214311599731445,
      -4.3214311599731445
    ],
    "files": [
      "scales.webp"
    ]
  },
  "quats": {
    "shape": [
      240100,
      4
    ],
    "dtype": "uint8",
    "encoding": "quaternion_packed",
    "files": [
      "quats.webp"
    ]
  },
  "sh0": {
    "shape": [
      240100,
      1,
      4
    ],
    "dtype": "float32",
    "mins": [
      -7.835811614990234,
      -7.995691776275635,
      -19.999916076660156,
      -19.96441078186035
    ],
    "maxs": [
      7.85500955581665,
      7.2790422439575195,
      9.672630310058594,
      15.601703643798828
    ],
    "files": [
      "sh0.webp"
    ]
  }
}