{
  "means": {
    "shape": [
      240100,
      3
    ],
    "dtype": "float32",
    "mins": [
      -0.3804158568382263,
      -0.3687295615673065,
      -0.17705050110816956
    ],
    "maxs": [
      0.3755318522453308,
      0.28871068358421326,
      0.24984757602214813
    ],
    "files": [
      "means_l.webp",
      "means_u.webp"
    ]
  },
  "scales": {
    "shape": [
      240100,
      3
    ],
    "dtype": "float32",
    "mins": [
      -20.0,
      -20.0,
      -19.999996185302734
    ],
    "maxs": [
      -4.3214311599731445,
      -4.3214311599731445,
      -4.3214311599731445
    ],
    "files": [
      "scales.webp"
    ]
  },
  "quats": {
    "shape": [
      240100,
      4
    ],
    "dtype": "uint8",
    "encoding": "quaternion_packed",
    "files": [
      "quats.webp"
    ]
  },
  "sh0": {
    "shape": [
      240100,
      1,
      4
    ],
    "dtype": "float32",
    "mins": [
      -8.244617462158203,
      -7.754186630249023,
      -19.999799728393555,
      -19.94071388244629
    ],
    "maxs": [
      7.1076812744140625,
      8.037800788879395,
      10.992029190063477,
      14.839921951293945
    ],
    "files": [
      "sh0.webp"
    ]
  }
}