{
  "means": {
    "shape": [
      240100,
      3
    ],
    "dtype": "float32",
    "mins": [
      -0.3744649291038513,
      -0.3909029960632324,
      -0.22999407351016998
    ],
    "maxs": [
      0.34467625617980957,
      0.2649700343608856,
      0.18361839652061462
    ],
    "files": [
      "means_l.webp",
      "means_u.webp"
    ]
  },
  "scales": {
    "shape": [
      240100,
      3
    ],
    "dtype": "float32",
    "mins": [
      -20.0,
      -20.0,
      -19.999998092651367
    ],
    "maxs": [
      -4.3214311599731445,
      -4.3214311599731445,
      -4.3214311599731445
    ],
    "files": [
      "scales.webp"
    ]
  },
  "quats": {
    "shape": [
      240100,
      4
    ],
    "dtype": "uint8",
    "encoding": "quaternion_packed",
    "files": [
      "quats.webp"
    ]
  },
  "sh0": {
    "shape": [
      240100,
      1,
      4
    ],
    "dtype": "float32",
    "mins": [
      -7.617574691772461,
      -7.902297496795654,
      -19.99989128112793,
      -19.95823097229004
    ],
    "maxs": [
      7.441808700561523,
      7.382288455963135,
      9.796244621276855,
      16.054738998413086
    ],
    "files": [
      "sh0.webp"
    ]
  }
}