{
  "means": {
    "shape": [
      240100,
      3
    ],
    "dtype": "float32",
    "mins": [
      -0.4010424315929413,
      -0.38354817032814026,
      -0.2743566632270813
    ],
    "maxs": [
      0.34437674283981323,
      0.2680196166038513,
      0.1824428141117096
    ],
    "files": [
      "means_l.webp",
      "means_u.webp"
    ]
  },
  "scales": {
    "shape": [
      240100,
      3
    ],
    "dtype": "float32",
    "mins": [
      -20.0,
      -20.0,
      -19.999998092651367
    ],
    "maxs": [
      -4.3214311599731445,
      -4.3214311599731445,
      -4.3214311599731445
    ],
    "files": [
      "scales.webp"
    ]
  },
  "quats": {
    "shape": [
      240100,
      4
    ],
    "dtype": "uint8",
    "encoding": "quaternion_packed",
    "files": [
      "quats.webp"
    ]
  },
  "sh0": {
    "shape": [
      240100,
      1,
      4
    ],
    "dtype": "float32",
    "mins": [
      -7.4784040451049805,
      -7.327320098876953,
      -19.99982261657715,
      -19.94428253173828
    ],
    "maxs": [
      7.455690383911133,
      7.717921733856201,
      9.089397430419922,
      16.03606605529785
    ],
    "files": [
      "sh0.webp"
    ]
  }
}