{
  "means": {
    "shape": [
      240100,
      3
    ],
    "dtype": "float32",
    "mins": [
      -0.33241936564445496,
      -0.3905033469200134,
      -0.21681886911392212
    ],
    "maxs": [
      0.33648881316185,
      0.29160603880882263,
      0.18445798754692078
    ],
    "files": [
      "means_l.webp",
      "means_u.webp"
    ]
  },
  "scales": {
    "shape": [
      240100,
      3
    ],
    "dtype": "float32",
    "mins": [
      -20.0,
      -20.0,
      -19.999996185302734
    ],
    "maxs": [
      -4.3214311599731445,
      -4.3214311599731445,
      -4.3214311599731445
    ],
    "files": [
      "scales.webp"
    ]
  },
  "quats": {
    "shape": [
      240100,
      4
    ],
    "dtype": "uint8",
    "encoding": "quaternion_packed",
    "files": [
      "quats.webp"
    ]
  },
  "sh0": {
    "shape": [
      240100,
      1,
      4
    ],
    "dtype": "float32",
    "mins": [
      -8.361998558044434,
      -7.530761241912842,
      -19.999835968017578,
      -19.947769165039062
    ],
    "maxs": [
      7.1810302734375,
      6.777204990386963,
      9.985483169555664,
      15.579768180847168
    ],
    "files": [
      "sh0.webp"
    ]
  }
}