{
  "means": {
    "shape": [
      240100,
      3
    ],
    "dtype": "float32",
    "mins": [
      -0.3625740706920624,
      -0.3911919891834259,
      -0.20342518389225006
    ],
    "maxs": [
      0.35192838311195374,
      0.26519447565078735,
      0.18425869941711426
    ],
    "files": [
      "means_l.webp",
      "means_u.webp"
    ]
  },
  "scales": {
    "shape": [
      240100,
      3
    ],
    "dtype": "float32",
    "mins": [
      -20.0,
      -20.0,
      -19.999998092651367
    ],
    "maxs": [
      -4.3214311599731445,
      -4.3214311599731445,
      -4.3214311599731445
    ],
    "files": [
      "scales.webp"
    ]
  },
  "quats": {
    "shape": [
      240100,
      4
    ],
    "dtype": "uint8",
    "encoding": "quaternion_packed",
    "files": [
      "quats.webp"
    ]
  },
  "sh0": {
    "shape": [
      240100,
      1,
      4
    ],
    "dtype": "float32",
    "mins": [
      -7.656787872314453,
      -7.914003372192383,
      -19.999902725219727,
      -19.960981369018555
    ],
    "maxs": [
      7.600507736206055,
      7.163025856018066,
      9.623245239257812,
      15.704241752624512
    ],
    "files": [
      "sh0.webp"
    ]
  }
}