{
  "means": {
    "shape": [
      240100,
      3
    ],
    "dtype": "float32",
    "mins": [
      -0.3761119544506073,
      -0.39306461811065674,
      -0.24571280181407928
    ],
    "maxs": [
      0.33555951714515686,
      0.2636907696723938,
      0.17993110418319702
    ],
    "files": [
      "means_l.webp",
      "means_u.webp"
    ]
  },
  "scales": {
    "shape": [
      240100,
      3
    ],
    "dtype": "float32",
    "mins": [
      -20.0,
      -20.0,
      -19.999998092651367
    ],
    "maxs": [
      -4.3214311599731445,
      -4.3214311599731445,
      -4.3214311599731445
    ],
    "files": [
      "scales.webp"
    ]
  },
  "quats": {
    "shape": [
      240100,
      4
    ],
    "dtype": "uint8",
    "encoding": "quaternion_packed",
    "files": [
      "quats.webp"
    ]
  },
  "sh0": {
    "shape": [
      240100,
      1,
      4
    ],
    "dtype": "float32",
    "mins": [
      -7.826144695281982,
      -7.848649978637695,
      -19.999902725219727,
      -19.95353889465332
    ],
    "maxs": [
      7.807150363922119,
      7.470369338989258,
      9.402209281921387,
      16.260364532470703
    ],
    "files": [
      "sh0.webp"
    ]
  }
}