{
  "means": {
    "shape": [
      240100,
      3
    ],
    "dtype": "float32",
    "mins": [
      -0.40546512603759766,
      -0.3649250268936157,
      -0.28569290041923523
    ],
    "maxs": [
      0.3795691728591919,
      0.2842492461204529,
      0.18486841022968292
    ],
    "files": [
      "means_l.webp",
      "means_u.webp"
    ]
  },
  "scales": {
    "shape": [
      240100,
      3
    ],
    "dtype": "float32",
    "mins": [
      -20.0,
      -20.0,
      -19.999998092651367
    ],
    "maxs": [
      -4.3214311599731445,
      -4.3214311599731445,
      -4.3214311599731445
    ],
    "files": [
      "scales.webp"
    ]
  },
  "quats": {
    "shape": [
      240100,
      4
    ],
    "dtype": "uint8",
    "encoding": "quaternion_packed",
    "files": [
      "quats.webp"
    ]
  },
  "sh0": {
    "shape": [
      240100,
      1,
      4
    ],
    "dtype": "float32",
    "mins": [
      -7.713326454162598,
      -7.329983711242676,
      -19.999820709228516,
      -19.955394744873047
    ],
    "maxs": [
      7.158656120300293,
      7.622993469238281,
      9.618006706237793,
      15.331085205078125
    ],
    "files": [
      "sh0.webp"
    ]
  }
}