{
  "means": {
    "shape": [
      240100,
      3
    ],
    "dtype": "float32",
    "mins": [
      -0.39678171277046204,
      -0.370292991399765,
      -0.2517469823360443
    ],
    "maxs": [
      0.3496685326099396,
      0.27594104409217834,
      0.18363818526268005
    ],
    "files": [
      "means_l.webp",
      "means_u.webp"
    ]
  },
  "scales": {
    "shape": [
      240100,
      3
    ],
    "dtype": "float32",
    "mins": [
      -20.0,
      -20.0,
      -19.999998092651367
    ],
    "maxs": [
      -4.3214311599731445,
      -4.3214311599731445,
      -4.3214311599731445
    ],
    "files": [
      "scales.webp"
    ]
  },
  "quats": {
    "shape": [
      240100,
      4
    ],
    "dtype": "uint8",
    "encoding": "quaternion_packed",
    "files": [
      "quats.webp"
    ]
  },
  "sh0": {
    "shape": [
      240100,
      1,
      4
    ],
    "dtype": "float32",
    "mins": [
      -7.9909868240356445,
      -7.792380332946777,
      -19.999923706054688,
      -19.959392547607422
    ],
    "maxs": [
      7.72298526763916,
      9.353044509887695,
      11.132101058959961,
      15.683906555175781
    ],
    "files": [
      "sh0.webp"
    ]
  }
}