{
  "means": {
    "shape": [
      240100,
      3
    ],
    "dtype": "float32",
    "mins": [
      -0.36397412419319153,
      -0.38252297043800354,
      -0.18344298005104065
    ],
    "maxs": [
      0.36830413341522217,
      0.2844800651073456,
      0.2779136300086975
    ],
    "files": [
      "means_l.webp",
      "means_u.webp"
    ]
  },
  "scales": {
    "shape": [
      240100,
      3
    ],
    "dtype": "float32",
    "mins": [
      -20.0,
      -19.999998092651367,
      -19.99999237060547
    ],
    "maxs": [
      -4.3214311599731445,
      -4.3214311599731445,
      -4.3214311599731445
    ],
    "files": [
      "scales.webp"
    ]
  },
  "quats": {
    "shape": [
      240100,
      4
    ],
    "dtype": "uint8",
    "encoding": "quaternion_packed",
    "files": [
      "quats.webp"
    ]
  },
  "sh0": {
    "shape": [
      240100,
      1,
      4
    ],
    "dtype": "float32",
    "mins": [
      -7.890651702880859,
      -7.987207889556885,
      -19.99967384338379,
      -19.930143356323242
    ],
    "maxs": [
      6.891257286071777,
      7.070219993591309,
      10.021634101867676,
      14.562170028686523
    ],
    "files": [
      "sh0.webp"
    ]
  }
}