{
  "means": {
    "shape": [
      240100,
      3
    ],
    "dtype": "float32",
    "mins": [
      -0.40546512603759766,
      -0.3698057532310486,
      -0.2505454421043396
    ],
    "maxs": [
      0.3646162748336792,
      0.2863871157169342,
      0.1852991133928299
    ],
    "files": [
      "means_l.webp",
      "means_u.webp"
    ]
  },
  "scales": {
    "shape": [
      240100,
      3
    ],
    "dtype": "float32",
    "mins": [
      -20.0,
      -20.0,
      -19.9999942779541
    ],
    "maxs": [
      -4.3214311599731445,
      -4.3214311599731445,
      -4.3214311599731445
    ],
    "files": [
      "scales.webp"
    ]
  },
  "quats": {
    "shape": [
      240100,
      4
    ],
    "dtype": "uint8",
    "encoding": "quaternion_packed",
    "files": [
      "quats.webp"
    ]
  },
  "sh0": {
    "shape": [
      240100,
      1,
      4
    ],
    "dtype": "float32",
    "mins": [
      -7.164825439453125,
      -7.084770679473877,
      -19.999738693237305,
      -19.930681228637695
    ],
    "maxs": [
      7.094204902648926,
      8.039400100708008,
      10.470592498779297,
      14.402274131774902
    ],
    "files": [
      "sh0.webp"
    ]
  }
}