{
  "means": {
    "shape": [
      240100,
      3
    ],
    "dtype": "float32",
    "mins": [
      -0.3844687044620514,
      -0.3906230628490448,
      -0.21098659932613373
    ],
    "maxs": [
      0.339773952960968,
      0.2778393626213074,
      0.24047137796878815
    ],
    "files": [
      "means_l.webp",
      "means_u.webp"
    ]
  },
  "scales": {
    "shape": [
      240100,
      3
    ],
    "dtype": "float32",
    "mins": [
      -20.0,
      -19.999998092651367,
      -19.999996185302734
    ],
    "maxs": [
      -4.3214311599731445,
      -4.3214311599731445,
      -4.3214311599731445
    ],
    "files": [
      "scales.webp"
    ]
  },
  "quats": {
    "shape": [
      240100,
      4
    ],
    "dtype": "uint8",
    "encoding": "quaternion_packed",
    "files": [
      "quats.webp"
    ]
  },
  "sh0": {
    "shape": [
      240100,
      1,
      4
    ],
    "dtype": "float32",
    "mins": [
      -7.812090873718262,
      -7.281214714050293,
      -19.999691009521484,
      -19.928325653076172
    ],
    "maxs": [
      6.995112895965576,
      7.844583511352539,
      9.589692115783691,
      14.93936538696289
    ],
    "files": [
      "sh0.webp"
    ]
  }
}