{
  "means": {
    "shape": [
      240100,
      3
    ],
    "dtype": "float32",
    "mins": [
      -0.38778960704803467,
      -0.3782467246055603,
      -0.20911088585853577
    ],
    "maxs": [
      0.35472679138183594,
      0.27177923917770386,
      0.18458980321884155
    ],
    "files": [
      "means_l.webp",
      "means_u.webp"
    ]
  },
  "scales": {
    "shape": [
      240100,
      3
    ],
    "dtype": "float32",
    "mins": [
      -20.0,
      -20.0,
      -19.999998092651367
    ],
    "maxs": [
      -4.3214311599731445,
      -4.3214311599731445,
      -4.3214311599731445
    ],
    "files": [
      "scales.webp"
    ]
  },
  "quats": {
    "shape": [
      240100,
      4
    ],
    "dtype": "uint8",
    "encoding": "quaternion_packed",
    "files": [
      "quats.webp"
    ]
  },
  "sh0": {
    "shape": [
      240100,
      1,
      4
    ],
    "dtype": "float32",
    "mins": [
      -7.126185894012451,
      -7.826653480529785,
      -19.999916076660156,
      -19.96453285217285
    ],
    "maxs": [
      7.824426174163818,
      8.408833503723145,
      10.55947494506836,
      15.717649459838867
    ],
    "files": [
      "sh0.webp"
    ]
  }
}