{
  "means": {
    "shape": [
      240100,
      3
    ],
    "dtype": "float32",
    "mins": [
      -0.3946074843406677,
      -0.3827546536922455,
      -0.24794940650463104
    ],
    "maxs": [
      0.337191641330719,
      0.27794012427330017,
      0.18417851626873016
    ],
    "files": [
      "means_l.webp",
      "means_u.webp"
    ]
  },
  "scales": {
    "shape": [
      240100,
      3
    ],
    "dtype": "float32",
    "mins": [
      -20.0,
      -20.0,
      -19.999998092651367
    ],
    "maxs": [
      -4.3214311599731445,
      -4.3214311599731445,
      -4.3214311599731445
    ],
    "files": [
      "scales.webp"
    ]
  },
  "quats": {
    "shape": [
      240100,
      4
    ],
    "dtype": "uint8",
    "encoding": "quaternion_packed",
    "files": [
      "quats.webp"
    ]
  },
  "sh0": {
    "shape": [
      240100,
      1,
      4
    ],
    "dtype": "float32",
    "mins": [
      -7.7773661613464355,
      -7.829490661621094,
      -19.999908447265625,
      -19.96100425720215
    ],
    "maxs": [
      7.64597225189209,
      9.370232582092285,
      11.149557113647461,
      15.817510604858398
    ],
    "files": [
      "sh0.webp"
    ]
  }
}