{
  "means": {
    "shape": [
      240100,
      3
    ],
    "dtype": "float32",
    "mins": [
      -0.3767857253551483,
      -0.3861791789531708,
      -0.24075619876384735
    ],
    "maxs": [
      0.35183560848236084,
      0.28431475162506104,
      0.18410806357860565
    ],
    "files": [
      "means_l.webp",
      "means_u.webp"
    ]
  },
  "scales": {
    "shape": [
      240100,
      3
    ],
    "dtype": "float32",
    "mins": [
      -20.0,
      -20.0,
      -19.999996185302734
    ],
    "maxs": [
      -4.3214311599731445,
      -4.3214311599731445,
      -4.3214311599731445
    ],
    "files": [
      "scales.webp"
    ]
  },
  "quats": {
    "shape": [
      240100,
      4
    ],
    "dtype": "uint8",
    "encoding": "quaternion_packed",
    "files": [
      "quats.webp"
    ]
  },
  "sh0": {
    "shape": [
      240100,
      1,
      4
    ],
    "dtype": "float32",
    "mins": [
      -7.673811912536621,
      -7.360012531280518,
      -19.999820709228516,
      -19.947120666503906
    ],
    "maxs": [
      7.034883499145508,
      7.0605974197387695,
      9.318702697753906,
      15.975150108337402
    ],
    "files": [
      "sh0.webp"
    ]
  }
}