{
  "means": {
    "shape": [
      240100,
      3
    ],
    "dtype": "float32",
    "mins": [
      -0.37281668186187744,
      -0.3779892921447754,
      -0.17494994401931763
    ],
    "maxs": [
      0.3767395615577698,
      0.2803187668323517,
      0.2739505171775818
    ],
    "files": [
      "means_l.webp",
      "means_u.webp"
    ]
  },
  "scales": {
    "shape": [
      240100,
      3
    ],
    "dtype": "float32",
    "mins": [
      -20.0,
      -19.999998092651367,
      -19.9999942779541
    ],
    "maxs": [
      -4.3214311599731445,
      -4.3214311599731445,
      -4.3214311599731445
    ],
    "files": [
      "scales.webp"
    ]
  },
  "quats": {
    "shape": [
      240100,
      4
    ],
    "dtype": "uint8",
    "encoding": "quaternion_packed",
    "files": [
      "quats.webp"
    ]
  },
  "sh0": {
    "shape": [
      240100,
      1,
      4
    ],
    "dtype": "float32",
    "mins": [
      -8.057021141052246,
      -8.101465225219727,
      -19.999692916870117,
      -19.931537628173828
    ],
    "maxs": [
      6.9601898193359375,
      7.2767438888549805,
      10.426497459411621,
      14.281332015991211
    ],
    "files": [
      "sh0.webp"
    ]
  }
}