{
  "means": {
    "shape": [
      240100,
      3
    ],
    "dtype": "float32",
    "mins": [
      -0.3995215594768524,
      -0.3747574985027313,
      -0.26438432931900024
    ],
    "maxs": [
      0.37002936005592346,
      0.28452417254447937,
      0.18320856988430023
    ],
    "files": [
      "means_l.webp",
      "means_u.webp"
    ]
  },
  "scales": {
    "shape": [
      240100,
      3
    ],
    "dtype": "float32",
    "mins": [
      -20.0,
      -20.0,
      -19.999996185302734
    ],
    "maxs": [
      -4.3214311599731445,
      -4.3214311599731445,
      -4.3214311599731445
    ],
    "files": [
      "scales.webp"
    ]
  },
  "quats": {
    "shape": [
      240100,
      4
    ],
    "dtype": "uint8",
    "encoding": "quaternion_packed",
    "files": [
      "quats.webp"
    ]
  },
  "sh0": {
    "shape": [
      240100,
      1,
      4
    ],
    "dtype": "float32",
    "mins": [
      -7.748097896575928,
      -7.269639015197754,
      -19.99981689453125,
      -19.953767776489258
    ],
    "maxs": [
      7.181934356689453,
      7.075805187225342,
      8.958316802978516,
      15.60322380065918
    ],
    "files": [
      "sh0.webp"
    ]
  }
}