{
  "means": {
    "shape": [
      240100,
      3
    ],
    "dtype": "float32",
    "mins": [
      -0.36133137345314026,
      -0.3845269978046417,
      -0.23096217215061188
    ],
    "maxs": [
      0.3473939895629883,
      0.29329803586006165,
      0.18707619607448578
    ],
    "files": [
      "means_l.webp",
      "means_u.webp"
    ]
  },
  "scales": {
    "shape": [
      240100,
      3
    ],
    "dtype": "float32",
    "mins": [
      -20.0,
      -20.0,
      -19.999996185302734
    ],
    "maxs": [
      -4.3214311599731445,
      -4.3214311599731445,
      -4.3214311599731445
    ],
    "files": [
      "scales.webp"
    ]
  },
  "quats": {
    "shape": [
      240100,
      4
    ],
    "dtype": "uint8",
    "encoding": "quaternion_packed",
    "files": [
      "quats.webp"
    ]
  },
  "sh0": {
    "shape": [
      240100,
      1,
      4
    ],
    "dtype": "float32",
    "mins": [
      -8.100525856018066,
      -7.823848247528076,
      -19.999744415283203,
      -19.94455909729004
    ],
    "maxs": [
      6.9608235359191895,
      6.542907238006592,
      9.886704444885254,
      15.37091064453125
    ],
    "files": [
      "sh0.webp"
    ]
  }
}