{
  "means": {
    "shape": [
      240100,
      3
    ],
    "dtype": "float32",
    "mins": [
      -0.3729320168495178,
      -0.3894108533859253,
      -0.23111405968666077
    ],
    "maxs": [
      0.3526211977005005,
      0.2689017951488495,
      0.18432122468948364
    ],
    "files": [
      "means_l.webp",
      "means_u.webp"
    ]
  },
  "scales": {
    "shape": [
      240100,
      3
    ],
    "dtype": "float32",
    "mins": [
      -20.0,
      -20.0,
      -19.999998092651367
    ],
    "maxs": [
      -4.3214311599731445,
      -4.3214311599731445,
      -4.3214311599731445
    ],
    "files": [
      "scales.webp"
    ]
  },
  "quats": {
    "shape": [
      240100,
      4
    ],
    "dtype": "uint8",
    "encoding": "quaternion_packed",
    "files": [
      "quats.webp"
    ]
  },
  "sh0": {
    "shape": [
      240100,
      1,
      4
    ],
    "dtype": "float32",
    "mins": [
      -7.414713382720947,
      -7.559927940368652,
      -19.99985122680664,
      -19.950172424316406
    ],
    "maxs": [
      7.206225395202637,
      7.008059501647949,
      9.424129486083984,
      15.882614135742188
    ],
    "files": [
      "sh0.webp"
    ]
  }
}