{
  "means": {
    "shape": [
      240100,
      3
    ],
    "dtype": "float32",
    "mins": [
      -0.3981819152832031,
      -0.3852621912956238,
      -0.28051748871803284
    ],
    "maxs": [
      0.34164586663246155,
      0.2647956907749176,
      0.18183815479278564
    ],
    "files": [
      "means_l.webp",
      "means_u.webp"
    ]
  },
  "scales": {
    "shape": [
      240100,
      3
    ],
    "dtype": "float32",
    "mins": [
      -20.0,
      -20.0,
      -19.999998092651367
    ],
    "maxs": [
      -4.3214311599731445,
      -4.3214311599731445,
      -4.3214311599731445
    ],
    "files": [
      "scales.webp"
    ]
  },
  "quats": {
    "shape": [
      240100,
      4
    ],
    "dtype": "uint8",
    "encoding": "quaternion_packed",
    "files": [
      "quats.webp"
    ]
  },
  "sh0": {
    "shape": [
      240100,
      1,
      4
    ],
    "dtype": "float32",
    "mins": [
      -7.716620445251465,
      -7.45084285736084,
      -19.99983024597168,
      -19.942138671875
    ],
    "maxs": [
      7.43739128112793,
      7.624757766723633,
      8.918679237365723,
      16.112062454223633
    ],
    "files": [
      "sh0.webp"
    ]
  }
}