{
  "means": {
    "shape": [
      240100,
      3
    ],
    "dtype": "float32",
    "mins": [
      -0.3834628760814667,
      -0.37358802556991577,
      -0.19596275687217712
    ],
    "maxs": [
      0.362393319606781,
      0.2451285570859909,
      0.25056520104408264
    ],
    "files": [
      "means_l.webp",
      "means_u.webp"
    ]
  },
  "scales": {
    "shape": [
      240100,
      3
    ],
    "dtype": "float32",
    "mins": [
      -20.0,
      -19.999998092651367,
      -19.999996185302734
    ],
    "maxs": [
      -4.3214311599731445,
      -4.3214311599731445,
      -4.3214311599731445
    ],
    "files": [
      "scales.webp"
    ]
  },
  "quats": {
    "shape": [
      240100,
      4
    ],
    "dtype": "uint8",
    "encoding": "quaternion_packed",
    "files": [
      "quats.webp"
    ]
  },
  "sh0": {
    "shape": [
      240100,
      1,
      4
    ],
    "dtype": "float32",
    "mins": [
      -8.664209365844727,
      -7.9586334228515625,
      -19.99969482421875,
      -19.930898666381836
    ],
    "maxs": [
      6.674490451812744,
      7.466791152954102,
      9.684931755065918,
      14.342601776123047
    ],
    "files": [
      "sh0.webp"
    ]
  }
}