{
  "means": {
    "shape": [
      240100,
      3
    ],
    "dtype": "float32",
    "mins": [
      -0.38620030879974365,
      -0.3663976192474365,
      -0.16917820274829865
    ],
    "maxs": [
      0.37683191895484924,
      0.26073387265205383,
      0.25761985778808594
    ],
    "files": [
      "means_l.webp",
      "means_u.webp"
    ]
  },
  "scales": {
    "shape": [
      240100,
      3
    ],
    "dtype": "float32",
    "mins": [
      -20.0,
      -19.999998092651367,
      -19.999996185302734
    ],
    "maxs": [
      -4.3214311599731445,
      -4.3214311599731445,
      -4.3214311599731445
    ],
    "files": [
      "scales.webp"
    ]
  },
  "quats": {
    "shape": [
      240100,
      4
    ],
    "dtype": "uint8",
    "encoding": "quaternion_packed",
    "files": [
      "quats.webp"
    ]
  },
  "sh0": {
    "shape": [
      240100,
      1,
      4
    ],
    "dtype": "float32",
    "mins": [
      -8.422690391540527,
      -7.651517868041992,
      -19.999797821044922,
      -19.939851760864258
    ],
    "maxs": [
      6.92722749710083,
      7.903065204620361,
      10.224422454833984,
      14.269769668579102
    ],
    "files": [
      "sh0.webp"
    ]
  }
}