{
  "means": {
    "shape": [
      240100,
      3
    ],
    "dtype": "float32",
    "mins": [
      -0.38572266697883606,
      -0.36432382464408875,
      -0.186456099152565
    ],
    "maxs": [
      0.36983612179756165,
      0.2411573976278305,
      0.18215008080005646
    ],
    "files": [
      "means_l.webp",
      "means_u.webp"
    ]
  },
  "scales": {
    "shape": [
      240100,
      3
    ],
    "dtype": "float32",
    "mins": [
      -20.0,
      -19.999998092651367,
      -19.999996185302734
    ],
    "maxs": [
      -4.3214311599731445,
      -4.3214311599731445,
      -4.3214311599731445
    ],
    "files": [
      "scales.webp"
    ]
  },
  "quats": {
    "shape": [
      240100,
      4
    ],
    "dtype": "uint8",
    "encoding": "quaternion_packed",
    "files": [
      "quats.webp"
    ]
  },
  "sh0": {
    "shape": [
      240100,
      1,
      4
    ],
    "dtype": "float32",
    "mins": [
      -8.686905860900879,
      -8.008817672729492,
      -19.999719619750977,
      -19.93808364868164
    ],
    "maxs": [
      6.789398193359375,
      7.6726789474487305,
      9.870997428894043,
      14.006034851074219
    ],
    "files": [
      "sh0.webp"
    ]
  }
}