{
  "means": {
    "shape": [
      240100,
      3
    ],
    "dtype": "float32",
    "mins": [
      -0.3444278836250305,
      -0.39166051149368286,
      -0.216646209359169
    ],
    "maxs": [
      0.35143113136291504,
      0.2765527367591858,
      0.18447716534137726
    ],
    "files": [
      "means_l.webp",
      "means_u.webp"
    ]
  },
  "scales": {
    "shape": [
      240100,
      3
    ],
    "dtype": "float32",
    "mins": [
      -20.0,
      -20.0,
      -19.999996185302734
    ],
    "maxs": [
      -4.3214311599731445,
      -4.3214311599731445,
      -4.3214311599731445
    ],
    "files": [
      "scales.webp"
    ]
  },
  "quats": {
    "shape": [
      240100,
      4
    ],
    "dtype": "uint8",
    "encoding": "quaternion_packed",
    "files": [
      "quats.webp"
    ]
  },
  "sh0": {
    "shape": [
      240100,
      1,
      4
    ],
    "dtype": "float32",
    "mins": [
      -7.744993209838867,
      -7.551332473754883,
      -19.999835968017578,
      -19.950225830078125
    ],
    "maxs": [
      7.175740718841553,
      6.754894256591797,
      9.779111862182617,
      15.459518432617188
    ],
    "files": [
      "sh0.webp"
    ]
  }
}