{
  "means": {
    "shape": [
      240100,
      3
    ],
    "dtype": "float32",
    "mins": [
      -0.38582274317741394,
      -0.4032242000102997,
      -0.2534787952899933
    ],
    "maxs": [
      0.3155270516872406,
      0.2759612798690796,
      0.18394197523593903
    ],
    "files": [
      "means_l.webp",
      "means_u.webp"
    ]
  },
  "scales": {
    "shape": [
      240100,
      3
    ],
    "dtype": "float32",
    "mins": [
      -20.0,
      -20.0,
      -19.999998092651367
    ],
    "maxs": [
      -4.3214311599731445,
      -4.3214311599731445,
      -4.3214311599731445
    ],
    "files": [
      "scales.webp"
    ]
  },
  "quats": {
    "shape": [
      240100,
      4
    ],
    "dtype": "uint8",
    "encoding": "quaternion_packed",
    "files": [
      "quats.webp"
    ]
  },
  "sh0": {
    "shape": [
      240100,
      1,
      4
    ],
    "dtype": "float32",
    "mins": [
      -7.324058532714844,
      -7.815817832946777,
      -19.999847412109375,
      -19.94853973388672
    ],
    "maxs": [
      7.380392074584961,
      8.39139175415039,
      10.0156831741333,
      15.991043090820312
    ],
    "files": [
      "sh0.webp"
    ]
  }
}