{
  "means": {
    "shape": [
      240100,
      3
    ],
    "dtype": "float32",
    "mins": [
      -0.34800654649734497,
      -0.38911131024360657,
      -0.1877252757549286
    ],
    "maxs": [
      0.3738144040107727,
      0.27421095967292786,
      0.18530502915382385
    ],
    "files": [
      "means_l.webp",
      "means_u.webp"
    ]
  },
  "scales": {
    "shape": [
      240100,
      3
    ],
    "dtype": "float32",
    "mins": [
      -20.0,
      -20.0,
      -19.999998092651367
    ],
    "maxs": [
      -4.3214311599731445,
      -4.3214311599731445,
      -4.3214311599731445
    ],
    "files": [
      "scales.webp"
    ]
  },
  "quats": {
    "shape": [
      240100,
      4
    ],
    "dtype": "uint8",
    "encoding": "quaternion_packed",
    "files": [
      "quats.webp"
    ]
  },
  "sh0": {
    "shape": [
      240100,
      1,
      4
    ],
    "dtype": "float32",
    "mins": [
      -8.445381164550781,
      -8.19289493560791,
      -19.999889373779297,
      -19.960702896118164
    ],
    "maxs": [
      7.495878219604492,
      6.814547061920166,
      10.30030632019043,
      14.56663703918457
    ],
    "files": [
      "sh0.webp"
    ]
  }
}