{
  "means": {
    "shape": [
      240100,
      3
    ],
    "dtype": "float32",
    "mins": [
      -0.3764016032218933,
      -0.3784143626689911,
      -0.2551653981208801
    ],
    "maxs": [
      0.3478040099143982,
      0.2978854477405548,
      0.18697503209114075
    ],
    "files": [
      "means_l.webp",
      "means_u.webp"
    ]
  },
  "scales": {
    "shape": [
      240100,
      3
    ],
    "dtype": "float32",
    "mins": [
      -20.0,
      -20.0,
      -19.9999942779541
    ],
    "maxs": [
      -4.3214311599731445,
      -4.3214311599731445,
      -4.3214311599731445
    ],
    "files": [
      "scales.webp"
    ]
  },
  "quats": {
    "shape": [
      240100,
      4
    ],
    "dtype": "uint8",
    "encoding": "quaternion_packed",
    "files": [
      "quats.webp"
    ]
  },
  "sh0": {
    "shape": [
      240100,
      1,
      4
    ],
    "dtype": "float32",
    "mins": [
      -7.907315254211426,
      -7.66638708114624,
      -19.9997615814209,
      -19.94615936279297
    ],
    "maxs": [
      6.853980541229248,
      6.651880264282227,
      9.623139381408691,
      15.503350257873535
    ],
    "files": [
      "sh0.webp"
    ]
  }
}