{
  "means": {
    "shape": [
      240100,
      3
    ],
    "dtype": "float32",
    "mins": [
      -0.3820614516735077,
      -0.3991449773311615,
      -0.2670868933200836
    ],
    "maxs": [
      0.3111010789871216,
      0.26486149430274963,
      0.1780451238155365
    ],
    "files": [
      "means_l.webp",
      "means_u.webp"
    ]
  },
  "scales": {
    "shape": [
      240100,
      3
    ],
    "dtype": "float32",
    "mins": [
      -20.0,
      -20.0,
      -19.999998092651367
    ],
    "maxs": [
      -4.3214311599731445,
      -4.3214311599731445,
      -4.3214311599731445
    ],
    "files": [
      "scales.webp"
    ]
  },
  "quats": {
    "shape": [
      240100,
      4
    ],
    "dtype": "uint8",
    "encoding": "quaternion_packed",
    "files": [
      "quats.webp"
    ]
  },
  "sh0": {
    "shape": [
      240100,
      1,
      4
    ],
    "dtype": "float32",
    "mins": [
      -7.615924835205078,
      -7.625484943389893,
      -19.999860763549805,
      -19.938955307006836
    ],
    "maxs": [
      7.944545745849609,
      8.272926330566406,
      9.614465713500977,
      16.546335220336914
    ],
    "files": [
      "sh0.webp"
    ]
  }
}