{
  "means": {
    "shape": [
      240100,
      3
    ],
    "dtype": "float32",
    "mins": [
      -0.33706939220428467,
      -0.3882126212120056,
      -0.20319433510303497
    ],
    "maxs": [
      0.3493471145629883,
      0.2796235680580139,
      0.18507592380046844
    ],
    "files": [
      "means_l.webp",
      "means_u.webp"
    ]
  },
  "scales": {
    "shape": [
      240100,
      3
    ],
    "dtype": "float32",
    "mins": [
      -20.0,
      -20.0,
      -19.999998092651367
    ],
    "maxs": [
      -4.3214311599731445,
      -4.3214311599731445,
      -4.3214311599731445
    ],
    "files": [
      "scales.webp"
    ]
  },
  "quats": {
    "shape": [
      240100,
      4
    ],
    "dtype": "uint8",
    "encoding": "quaternion_packed",
    "files": [
      "quats.webp"
    ]
  },
  "sh0": {
    "shape": [
      240100,
      1,
      4
    ],
    "dtype": "float32",
    "mins": [
      -8.361462593078613,
      -8.007192611694336,
      -19.999845504760742,
      -19.951770782470703
    ],
    "maxs": [
      7.473504066467285,
      6.649806499481201,
      10.07943344116211,
      15.123703002929688
    ],
    "files": [
      "sh0.webp"
    ]
  }
}