{
  "means": {
    "shape": [
      240100,
      3
    ],
    "dtype": "float32",
    "mins": [
      -0.3492400646209717,
      -0.3902386724948883,
      -0.20123137533664703
    ],
    "maxs": [
      0.3572178781032562,
      0.26448240876197815,
      0.18486978113651276
    ],
    "files": [
      "means_l.webp",
      "means_u.webp"
    ]
  },
  "scales": {
    "shape": [
      240100,
      3
    ],
    "dtype": "float32",
    "mins": [
      -20.0,
      -20.0,
      -19.999998092651367
    ],
    "maxs": [
      -4.3214311599731445,
      -4.3214311599731445,
      -4.3214311599731445
    ],
    "files": [
      "scales.webp"
    ]
  },
  "quats": {
    "shape": [
      240100,
      4
    ],
    "dtype": "uint8",
    "encoding": "quaternion_packed",
    "files": [
      "quats.webp"
    ]
  },
  "sh0": {
    "shape": [
      240100,
      1,
      4
    ],
    "dtype": "float32",
    "mins": [
      -8.035189628601074,
      -7.809845924377441,
      -19.999900817871094,
      -19.961990356445312
    ],
    "maxs": [
      7.653656482696533,
      6.853997230529785,
      9.6486177444458,
      15.18302059173584
    ],
    "files": [
      "sh0.webp"
    ]
  }
}