{
  "means": {
    "shape": [
      240100,
      3
    ],
    "dtype": "float32",
    "mins": [
      -0.40546512603759766,
      -0.37609460949897766,
      -0.2659235894680023
    ],
    "maxs": [
      0.3559476137161255,
      0.27058178186416626,
      0.18276891112327576
    ],
    "files": [
      "means_l.webp",
      "means_u.webp"
    ]
  },
  "scales": {
    "shape": [
      240100,
      3
    ],
    "dtype": "float32",
    "mins": [
      -20.0,
      -20.0,
      -19.999998092651367
    ],
    "maxs": [
      -4.3214311599731445,
      -4.3214311599731445,
      -4.3214311599731445
    ],
    "files": [
      "scales.webp"
    ]
  },
  "quats": {
    "shape": [
      240100,
      4
    ],
    "dtype": "uint8",
    "encoding": "quaternion_packed",
    "files": [
      "quats.webp"
    ]
  },
  "sh0": {
    "shape": [
      240100,
      1,
      4
    ],
    "dtype": "float32",
    "mins": [
      -7.209659099578857,
      -7.400210380554199,
      -19.999807357788086,
      -19.946016311645508
    ],
    "maxs": [
      7.397932529449463,
      7.725589752197266,
      9.314716339111328,
      15.830785751342773
    ],
    "files": [
      "sh0.webp"
    ]
  }
}