{
  "means": {
    "shape": [
      240100,
      3
    ],
    "dtype": "float32",
    "mins": [
      -0.3495844006538391,
      -0.38917312026023865,
      -0.2337292581796646
    ],
    "maxs": [
      0.3201662003993988,
      0.2992762327194214,
      0.18848907947540283
    ],
    "files": [
      "means_l.webp",
      "means_u.webp"
    ]
  },
  "scales": {
    "shape": [
      240100,
      3
    ],
    "dtype": "float32",
    "mins": [
      -20.0,
      -20.0,
      -19.999998092651367
    ],
    "maxs": [
      -4.3214311599731445,
      -4.3214311599731445,
      -4.3214311599731445
    ],
    "files": [
      "scales.webp"
    ]
  },
  "quats": {
    "shape": [
      240100,
      4
    ],
    "dtype": "uint8",
    "encoding": "quaternion_packed",
    "files": [
      "quats.webp"
    ]
  },
  "sh0": {
    "shape": [
      240100,
      1,
      4
    ],
    "dtype": "float32",
    "mins": [
      -7.943709373474121,
      -7.3069047927856445,
      -19.99974822998047,
      -19.94369888305664
    ],
    "maxs": [
      7.818860054016113,
      7.316463470458984,
      10.025272369384766,
      14.93017578125
    ],
    "files": [
      "sh0.webp"
    ]
  }
}