{
  "means": {
    "shape": [
      240100,
      3
    ],
    "dtype": "float32",
    "mins": [
      -0.38691186904907227,
      -0.3996470868587494,
      -0.26103734970092773
    ],
    "maxs": [
      0.32090744376182556,
      0.2720301151275635,
      0.18286411464214325
    ],
    "files": [
      "means_l.webp",
      "means_u.webp"
    ]
  },
  "scales": {
    "shape": [
      240100,
      3
    ],
    "dtype": "float32",
    "mins": [
      -20.0,
      -20.0,
      -19.999998092651367
    ],
    "maxs": [
      -4.3214311599731445,
      -4.3214311599731445,
      -4.3214311599731445
    ],
    "files": [
      "scales.webp"
    ]
  },
  "quats": {
    "shape": [
      240100,
      4
    ],
    "dtype": "uint8",
    "encoding": "quaternion_packed",
    "files": [
      "quats.webp"
    ]
  },
  "sh0": {
    "shape": [
      240100,
      1,
      4
    ],
    "dtype": "float32",
    "mins": [
      -7.400747299194336,
      -7.655028343200684,
      -19.999841690063477,
      -19.946178436279297
    ],
    "maxs": [
      7.552373886108398,
      8.095277786254883,
      9.62586784362793,
      16.022724151611328
    ],
    "files": [
      "sh0.webp"
    ]
  }
}