{
  "means": {
    "shape": [
      240100,
      3
    ],
    "dtype": "float32",
    "mins": [
      -0.3352993428707123,
      -0.3896074891090393,
      -0.20180483162403107
    ],
    "maxs": [
      0.36159032583236694,
      0.2712339460849762,
      0.18531429767608643
    ],
    "files": [
      "means_l.webp",
      "means_u.webp"
    ]
  },
  "scales": {
    "shape": [
      240100,
      3
    ],
    "dtype": "float32",
    "mins": [
      -20.0,
      -20.0,
      -19.999998092651367
    ],
    "maxs": [
      -4.3214311599731445,
      -4.3214311599731445,
      -4.3214311599731445
    ],
    "files": [
      "scales.webp"
    ]
  },
  "quats": {
    "shape": [
      240100,
      4
    ],
    "dtype": "uint8",
    "encoding": "quaternion_packed",
    "files": [
      "quats.webp"
    ]
  },
  "sh0": {
    "shape": [
      240100,
      1,
      4
    ],
    "dtype": "float32",
    "mins": [
      -8.586625099182129,
      -8.253982543945312,
      -19.999887466430664,
      -19.95956039428711
    ],
    "maxs": [
      7.690977573394775,
      6.663418769836426,
      10.21180248260498,
      14.798967361450195
    ],
    "files": [
      "sh0.webp"
    ]
  }
}