{
  "means": {
    "shape": [
      240100,
      3
    ],
    "dtype": "float32",
    "mins": [
      -0.3678320050239563,
      -0.39592310786247253,
      -0.2267969697713852
    ],
    "maxs": [
      0.31799277663230896,
      0.2916924059391022,
      0.18709363043308258
    ],
    "files": [
      "means_l.webp",
      "means_u.webp"
    ]
  },
  "scales": {
    "shape": [
      240100,
      3
    ],
    "dtype": "float32",
    "mins": [
      -20.0,
      -20.0,
      -19.999998092651367
    ],
    "maxs": [
      -4.3214311599731445,
      -4.3214311599731445,
      -4.3214311599731445
    ],
    "files": [
      "scales.webp"
    ]
  },
  "quats": {
    "shape": [
      240100,
      4
    ],
    "dtype": "uint8",
    "encoding": "quaternion_packed",
    "files": [
      "quats.webp"
    ]
  },
  "sh0": {
    "shape": [
      240100,
      1,
      4
    ],
    "dtype": "float32",
    "mins": [
      -8.32187271118164,
      -7.246917724609375,
      -19.999814987182617,
      -19.94309425354004
    ],
    "maxs": [
      7.560223579406738,
      8.06745719909668,
      10.244808197021484,
      15.117807388305664
    ],
    "files": [
      "sh0.webp"
    ]
  }
}