{
  "means": {
    "shape": [
      240100,
      3
    ],
    "dtype": "float32",
    "mins": [
      -0.40546512603759766,
      -0.36408478021621704,
      -0.25356414914131165
    ],
    "maxs": [
      0.3810540735721588,
      0.2795601189136505,
      0.1826198399066925
    ],
    "files": [
      "means_l.webp",
      "means_u.webp"
    ]
  },
  "scales": {
    "shape": [
      240100,
      3
    ],
    "dtype": "float32",
    "mins": [
      -20.0,
      -19.999998092651367,
      -19.999996185302734
    ],
    "maxs": [
      -4.3214311599731445,
      -4.3214311599731445,
      -4.3214311599731445
    ],
    "files": [
      "scales.webp"
    ]
  },
  "quats": {
    "shape": [
      240100,
      4
    ],
    "dtype": "uint8",
    "encoding": "quaternion_packed",
    "files": [
      "quats.webp"
    ]
  },
  "sh0": {
    "shape": [
      240100,
      1,
      4
    ],
    "dtype": "float32",
    "mins": [
      -6.342813491821289,
      -7.195308208465576,
      -19.999691009521484,
      -19.935585021972656
    ],
    "maxs": [
      7.316588401794434,
      7.836580753326416,
      9.791903495788574,
      15.313024520874023
    ],
    "files": [
      "sh0.webp"
    ]
  }
}