{
  "means": {
    "shape": [
      240100,
      3
    ],
    "dtype": "float32",
    "mins": [
      -0.4007994830608368,
      -0.36194103956222534,
      -0.28927305340766907
    ],
    "maxs": [
      0.3679846227169037,
      0.2970314621925354,
      0.18811635673046112
    ],
    "files": [
      "means_l.webp",
      "means_u.webp"
    ]
  },
  "scales": {
    "shape": [
      240100,
      3
    ],
    "dtype": "float32",
    "mins": [
      -20.0,
      -20.0,
      -19.999998092651367
    ],
    "maxs": [
      -4.3214311599731445,
      -4.3214311599731445,
      -4.3214311599731445
    ],
    "files": [
      "scales.webp"
    ]
  },
  "quats": {
    "shape": [
      240100,
      4
    ],
    "dtype": "uint8",
    "encoding": "quaternion_packed",
    "files": [
      "quats.webp"
    ]
  },
  "sh0": {
    "shape": [
      240100,
      1,
      4
    ],
    "dtype": "float32",
    "mins": [
      -8.452169418334961,
      -8.034934043884277,
      -19.999855041503906,
      -19.96136474609375
    ],
    "maxs": [
      7.062180042266846,
      7.0914692878723145,
      9.99189567565918,
      15.209425926208496
    ],
    "files": [
      "sh0.webp"
    ]
  }
}