{
  "means": {
    "shape": [
      240100,
      3
    ],
    "dtype": "float32",
    "mins": [
      -0.3278324007987976,
      -0.395734965801239,
      -0.2282324582338333
    ],
    "maxs": [
      0.3389250636100769,
      0.2932788133621216,
      0.1835186630487442
    ],
    "files": [
      "means_l.webp",
      "means_u.webp"
    ]
  },
  "scales": {
    "shape": [
      240100,
      3
    ],
    "dtype": "float32",
    "mins": [
      -20.0,
      -20.0,
      -19.9999942779541
    ],
    "maxs": [
      -4.3214311599731445,
      -4.3214311599731445,
      -4.3214311599731445
    ],
    "files": [
      "scales.webp"
    ]
  },
  "quats": {
    "shape": [
      240100,
      4
    ],
    "dtype": "uint8",
    "encoding": "quaternion_packed",
    "files": [
      "quats.webp"
    ]
  },
  "sh0": {
    "shape": [
      240100,
      1,
      4
    ],
    "dtype": "float32",
    "mins": [
      -8.477995872497559,
      -7.571719169616699,
      -19.99982261657715,
      -19.94496726989746
    ],
    "maxs": [
      6.536508083343506,
      6.462221622467041,
      9.660719871520996,
      15.559710502624512
    ],
    "files": [
      "sh0.webp"
    ]
  }
}