{
  "means": {
    "shape": [
      240100,
      3
    ],
    "dtype": "float32",
    "mins": [
      -0.3951825201511383,
      -0.3704044818878174,
      -0.22685526311397552
    ],
    "maxs": [
      0.3548756539821625,
      0.27371999621391296,
      0.18448972702026367
    ],
    "files": [
      "means_l.webp",
      "means_u.webp"
    ]
  },
  "scales": {
    "shape": [
      240100,
      3
    ],
    "dtype": "float32",
    "mins": [
      -20.0,
      -20.0,
      -19.999998092651367
    ],
    "maxs": [
      -4.3214311599731445,
      -4.3214311599731445,
      -4.3214311599731445
    ],
    "files": [
      "scales.webp"
    ]
  },
  "quats": {
    "shape": [
      240100,
      4
    ],
    "dtype": "uint8",
    "encoding": "quaternion_packed",
    "files": [
      "quats.webp"
    ]
  },
  "sh0": {
    "shape": [
      240100,
      1,
      4
    ],
    "dtype": "float32",
    "mins": [
      -7.578092098236084,
      -7.774471282958984,
      -19.999916076660156,
      -19.964473724365234
    ],
    "maxs": [
      7.644390106201172,
      9.215747833251953,
      11.161516189575195,
      15.528800964355469
    ],
    "files": [
      "sh0.webp"
    ]
  }
}