{
  "means": {
    "shape": [
      240100,
      3
    ],
    "dtype": "float32",
    "mins": [
      -0.37965670228004456,
      -0.4034958481788635,
      -0.23709574341773987
    ],
    "maxs": [
      0.30823442339897156,
      0.29319459199905396,
      0.18787428736686707
    ],
    "files": [
      "means_l.webp",
      "means_u.webp"
    ]
  },
  "scales": {
    "shape": [
      240100,
      3
    ],
    "dtype": "float32",
    "mins": [
      -20.0,
      -20.0,
      -19.999998092651367
    ],
    "maxs": [
      -4.3214311599731445,
      -4.3214311599731445,
      -4.3214311599731445
    ],
    "files": [
      "scales.webp"
    ]
  },
  "quats": {
    "shape": [
      240100,
      4
    ],
    "dtype": "uint8",
    "encoding": "quaternion_packed",
    "files": [
      "quats.webp"
    ]
  },
  "sh0": {
    "shape": [
      240100,
      1,
      4
    ],
    "dtype": "float32",
    "mins": [
      -8.321026802062988,
      -7.207831382751465,
      -19.999820709228516,
      -19.949249267578125
    ],
    "maxs": [
      7.721914768218994,
      8.464143753051758,
      10.421895027160645,
      14.7951021194458
    ],
    "files": [
      "sh0.webp"
    ]
  }
}