{
  "means": {
    "shape": [
      240100,
      3
    ],
    "dtype": "float32",
    "mins": [
      -0.40546512603759766,
      -0.37757664918899536,
      -0.27364927530288696
    ],
    "maxs": [
      0.35425034165382385,
      0.2688734531402588,
      0.182616725564003
    ],
    "files": [
      "means_l.webp",
      "means_u.webp"
    ]
  },
  "scales": {
    "shape": [
      240100,
      3
    ],
    "dtype": "float32",
    "mins": [
      -20.0,
      -20.0,
      -19.999998092651367
    ],
    "maxs": [
      -4.3214311599731445,
      -4.3214311599731445,
      -4.3214311599731445
    ],
    "files": [
      "scales.webp"
    ]
  },
  "quats": {
    "shape": [
      240100,
      4
    ],
    "dtype": "uint8",
    "encoding": "quaternion_packed",
    "files": [
      "quats.webp"
    ]
  },
  "sh0": {
    "shape": [
      240100,
      1,
      4
    ],
    "dtype": "float32",
    "mins": [
      -7.347358703613281,
      -7.2969489097595215,
      -19.99978256225586,
      -19.945079803466797
    ],
    "maxs": [
      7.360078811645508,
      7.650441646575928,
      9.182137489318848,
      15.933751106262207
    ],
    "files": [
      "sh0.webp"
    ]
  }
}