{
  "means": {
    "shape": [
      240100,
      3
    ],
    "dtype": "float32",
    "mins": [
      -0.33857017755508423,
      -0.39252176880836487,
      -0.21558144688606262
    ],
    "maxs": [
      0.32276836037635803,
      0.3008578419685364,
      0.18774694204330444
    ],
    "files": [
      "means_l.webp",
      "means_u.webp"
    ]
  },
  "scales": {
    "shape": [
      240100,
      3
    ],
    "dtype": "float32",
    "mins": [
      -20.0,
      -20.0,
      -19.999998092651367
    ],
    "maxs": [
      -4.3214311599731445,
      -4.3214311599731445,
      -4.3214311599731445
    ],
    "files": [
      "scales.webp"
    ]
  },
  "quats": {
    "shape": [
      240100,
      4
    ],
    "dtype": "uint8",
    "encoding": "quaternion_packed",
    "files": [
      "quats.webp"
    ]
  },
  "sh0": {
    "shape": [
      240100,
      1,
      4
    ],
    "dtype": "float32",
    "mins": [
      -8.179283142089844,
      -7.425049781799316,
      -19.99973487854004,
      -19.940200805664062
    ],
    "maxs": [
      7.583251953125,
      7.094366550445557,
      9.917729377746582,
      15.10828971862793
    ],
    "files": [
      "sh0.webp"
    ]
  }
}