{
  "means": {
    "shape": [
      240100,
      3
    ],
    "dtype": "float32",
    "mins": [
      -0.3340936005115509,
      -0.38757768273353577,
      -0.19425055384635925
    ],
    "maxs": [
      0.3787543475627899,
      0.2843068540096283,
      0.18454743921756744
    ],
    "files": [
      "means_l.webp",
      "means_u.webp"
    ]
  },
  "scales": {
    "shape": [
      240100,
      3
    ],
    "dtype": "float32",
    "mins": [
      -20.0,
      -19.999998092651367,
      -19.999998092651367
    ],
    "maxs": [
      -4.3214311599731445,
      -4.3214311599731445,
      -4.3214311599731445
    ],
    "files": [
      "scales.webp"
    ]
  },
  "quats": {
    "shape": [
      240100,
      4
    ],
    "dtype": "uint8",
    "encoding": "quaternion_packed",
    "files": [
      "quats.webp"
    ]
  },
  "sh0": {
    "shape": [
      240100,
      1,
      4
    ],
    "dtype": "float32",
    "mins": [
      -8.469393730163574,
      -8.315292358398438,
      -19.999774932861328,
      -19.95271873474121
    ],
    "maxs": [
      7.03174352645874,
      6.692564487457275,
      10.248351097106934,
      14.183014869689941
    ],
    "files": [
      "sh0.webp"
    ]
  }
}