{
  "means": {
    "shape": [
      240100,
      3
    ],
    "dtype": "float32",
    "mins": [
      -0.3810388445854187,
      -0.3923788368701935,
      -0.2564854621887207
    ],
    "maxs": [
      0.32898470759391785,
      0.2655438780784607,
      0.17861837148666382
    ],
    "files": [
      "means_l.webp",
      "means_u.webp"
    ]
  },
  "scales": {
    "shape": [
      240100,
      3
    ],
    "dtype": "float32",
    "mins": [
      -20.0,
      -20.0,
      -19.999998092651367
    ],
    "maxs": [
      -4.3214311599731445,
      -4.3214311599731445,
      -4.3214311599731445
    ],
    "files": [
      "scales.webp"
    ]
  },
  "quats": {
    "shape": [
      240100,
      4
    ],
    "dtype": "uint8",
    "encoding": "quaternion_packed",
    "files": [
      "quats.webp"
    ]
  },
  "sh0": {
    "shape": [
      240100,
      1,
      4
    ],
    "dtype": "float32",
    "mins": [
      -7.772810459136963,
      -7.61138391494751,
      -19.999876022338867,
      -19.944360733032227
    ],
    "maxs": [
      7.731253623962402,
      7.496614933013916,
      9.035472869873047,
      16.418983459472656
    ],
    "files": [
      "sh0.webp"
    ]
  }
}