{
  "means": {
    "shape": [
      240100,
      3
    ],
    "dtype": "float32",
    "mins": [
      -0.40546512603759766,
      -0.3682514727115631,
      -0.2711799442768097
    ],
    "maxs": [
      0.37267908453941345,
      0.2759621739387512,
      0.18285299837589264
    ],
    "files": [
      "means_l.webp",
      "means_u.webp"
    ]
  },
  "scales": {
    "shape": [
      240100,
      3
    ],
    "dtype": "float32",
    "mins": [
      -20.0,
      -19.999998092651367,
      -19.999996185302734
    ],
    "maxs": [
      -4.3214311599731445,
      -4.3214311599731445,
      -4.3214311599731445
    ],
    "files": [
      "scales.webp"
    ]
  },
  "quats": {
    "shape": [
      240100,
      4
    ],
    "dtype": "uint8",
    "encoding": "quaternion_packed",
    "files": [
      "quats.webp"
    ]
  },
  "sh0": {
    "shape": [
      240100,
      1,
      4
    ],
    "dtype": "float32",
    "mins": [
      -6.937630653381348,
      -7.239415645599365,
      -19.999746322631836,
      -19.945350646972656
    ],
    "maxs": [
      7.155510902404785,
      7.451460838317871,
      9.136675834655762,
      15.54293441772461
    ],
    "files": [
      "sh0.webp"
    ]
  }
}