{
  "means": {
    "shape": [
      240100,
      3
    ],
    "dtype": "float32",
    "mins": [
      -0.33976173400878906,
      -0.3914150893688202,
      -0.22127984464168549
    ],
    "maxs": [
      0.32016801834106445,
      0.30782121419906616,
      0.18837754428386688
    ],
    "files": [
      "means_l.webp",
      "means_u.webp"
    ]
  },
  "scales": {
    "shape": [
      240100,
      3
    ],
    "dtype": "float32",
    "mins": [
      -20.0,
      -20.0,
      -19.999996185302734
    ],
    "maxs": [
      -4.3214311599731445,
      -4.3214311599731445,
      -4.3214311599731445
    ],
    "files": [
      "scales.webp"
    ]
  },
  "quats": {
    "shape": [
      240100,
      4
    ],
    "dtype": "uint8",
    "encoding": "quaternion_packed",
    "files": [
      "quats.webp"
    ]
  },
  "sh0": {
    "shape": [
      240100,
      1,
      4
    ],
    "dtype": "float32",
    "mins": [
      -8.292078018188477,
      -7.360470294952393,
      -19.99972152709961,
      -19.941020965576172
    ],
    "maxs": [
      7.605810642242432,
      7.107943534851074,
      9.8595552444458,
      14.749011039733887
    ],
    "files": [
      "sh0.webp"
    ]
  }
}