{
  "means": {
    "shape": [
      240100,
      3
    ],
    "dtype": "float32",
    "mins": [
      -0.3969784379005432,
      -0.38234850764274597,
      -0.2749120891094208
    ],
    "maxs": [
      0.3506840169429779,
      0.2666260004043579,
      0.1830064207315445
    ],
    "files": [
      "means_l.webp",
      "means_u.webp"
    ]
  },
  "scales": {
    "shape": [
      240100,
      3
    ],
    "dtype": "float32",
    "mins": [
      -20.0,
      -20.0,
      -19.999998092651367
    ],
    "maxs": [
      -4.3214311599731445,
      -4.3214311599731445,
      -4.3214311599731445
    ],
    "files": [
      "scales.webp"
    ]
  },
  "quats": {
    "shape": [
      240100,
      4
    ],
    "dtype": "uint8",
    "encoding": "quaternion_packed",
    "files": [
      "quats.webp"
    ]
  },
  "sh0": {
    "shape": [
      240100,
      1,
      4
    ],
    "dtype": "float32",
    "mins": [
      -7.640156269073486,
      -7.440740585327148,
      -19.99981689453125,
      -19.947736740112305
    ],
    "maxs": [
      7.193639278411865,
      7.575342178344727,
      9.55705451965332,
      16.056657791137695
    ],
    "files": [
      "sh0.webp"
    ]
  }
}