{
  "means": {
    "shape": [
      240100,
      3
    ],
    "dtype": "float32",
    "mins": [
      -0.36897945404052734,
      -0.3915121853351593,
      -0.2066720724105835
    ],
    "maxs": [
      0.3459372818470001,
      0.2624807357788086,
      0.18127425014972687
    ],
    "files": [
      "means_l.webp",
      "means_u.webp"
    ]
  },
  "scales": {
    "shape": [
      240100,
      3
    ],
    "dtype": "float32",
    "mins": [
      -20.0,
      -20.0,
      -19.999998092651367
    ],
    "maxs": [
      -4.3214311599731445,
      -4.3214311599731445,
      -4.3214311599731445
    ],
    "files": [
      "scales.webp"
    ]
  },
  "quats": {
    "shape": [
      240100,
      4
    ],
    "dtype": "uint8",
    "encoding": "quaternion_packed",
    "files": [
      "quats.webp"
    ]
  },
  "sh0": {
    "shape": [
      240100,
      1,
      4
    ],
    "dtype": "float32",
    "mins": [
      -7.6895904541015625,
      -7.857338905334473,
      -19.999919891357422,
      -19.96047592163086
    ],
    "maxs": [
      7.9309892654418945,
      7.754642963409424,
      9.991363525390625,
      15.904803276062012
    ],
    "files": [
      "sh0.webp"
    ]
  }
}