{
  "means": {
    "shape": [
      240100,
      3
    ],
    "dtype": "float32",
    "mins": [
      -0.38038161396980286,
      -0.4054016172885895,
      -0.2639106810092926
    ],
    "maxs": [
      0.3067854046821594,
      0.27042490243911743,
      0.17947927117347717
    ],
    "files": [
      "means_l.webp",
      "means_u.webp"
    ]
  },
  "scales": {
    "shape": [
      240100,
      3
    ],
    "dtype": "float32",
    "mins": [
      -20.0,
      -20.0,
      -19.999998092651367
    ],
    "maxs": [
      -4.3214311599731445,
      -4.3214311599731445,
      -4.3214311599731445
    ],
    "files": [
      "scales.webp"
    ]
  },
  "quats": {
    "shape": [
      240100,
      4
    ],
    "dtype": "uint8",
    "encoding": "quaternion_packed",
    "files": [
      "quats.webp"
    ]
  },
  "sh0": {
    "shape": [
      240100,
      1,
      4
    ],
    "dtype": "float32",
    "mins": [
      -7.5700764656066895,
      -7.673169136047363,
      -19.99983787536621,
      -19.944637298583984
    ],
    "maxs": [
      7.894251823425293,
      8.172799110412598,
      9.61148738861084,
      16.194591522216797
    ],
    "files": [
      "sh0.webp"
    ]
  }
}