{
  "means": {
    "shape": [
      240100,
      3
    ],
    "dtype": "float32",
    "mins": [
      -0.39047300815582275,
      -0.38478803634643555,
      -0.2660760283470154
    ],
    "maxs": [
      0.35095369815826416,
      0.26756128668785095,
      0.18358416855335236
    ],
    "files": [
      "means_l.webp",
      "means_u.webp"
    ]
  },
  "scales": {
    "shape": [
      240100,
      3
    ],
    "dtype": "float32",
    "mins": [
      -20.0,
      -20.0,
      -19.999998092651367
    ],
    "maxs": [
      -4.3214311599731445,
      -4.3214311599731445,
      -4.3214311599731445
    ],
    "files": [
      "scales.webp"
    ]
  },
  "quats": {
    "shape": [
      240100,
      4
    ],
    "dtype": "uint8",
    "encoding": "quaternion_packed",
    "files": [
      "quats.webp"
    ]
  },
  "sh0": {
    "shape": [
      240100,
      1,
      4
    ],
    "dtype": "float32",
    "mins": [
      -7.623166084289551,
      -7.507408142089844,
      -19.999839782714844,
      -19.948108673095703
    ],
    "maxs": [
      7.171817302703857,
      7.429099082946777,
      9.680944442749023,
      16.041772842407227
    ],
    "files": [
      "sh0.webp"
    ]
  }
}