{
  "means": {
    "shape": [
      240100,
      3
    ],
    "dtype": "float32",
    "mins": [
      -0.40546512603759766,
      -0.3648357689380646,
      -0.2590843141078949
    ],
    "maxs": [
      0.38233956694602966,
      0.28099608421325684,
      0.18282850086688995
    ],
    "files": [
      "means_l.webp",
      "means_u.webp"
    ]
  },
  "scales": {
    "shape": [
      240100,
      3
    ],
    "dtype": "float32",
    "mins": [
      -20.0,
      -19.999998092651367,
      -19.999996185302734
    ],
    "maxs": [
      -4.3214311599731445,
      -4.3214311599731445,
      -4.3214311599731445
    ],
    "files": [
      "scales.webp"
    ]
  },
  "quats": {
    "shape": [
      240100,
      4
    ],
    "dtype": "uint8",
    "encoding": "quaternion_packed",
    "files": [
      "quats.webp"
    ]
  },
  "sh0": {
    "shape": [
      240100,
      1,
      4
    ],
    "dtype": "float32",
    "mins": [
      -6.678271293640137,
      -7.237639904022217,
      -19.999736785888672,
      -19.944002151489258
    ],
    "maxs": [
      7.145651817321777,
      7.5882487297058105,
      9.453410148620605,
      15.316703796386719
    ],
    "files": [
      "sh0.webp"
    ]
  }
}