{
  "means": {
    "shape": [
      240100,
      3
    ],
    "dtype": "float32",
    "mins": [
      -0.375404417514801,
      -0.388241708278656,
      -0.23700042068958282
    ],
    "maxs": [
      0.3523307740688324,
      0.2745135426521301,
      0.18425825238227844
    ],
    "files": [
      "means_l.webp",
      "means_u.webp"
    ]
  },
  "scales": {
    "shape": [
      240100,
      3
    ],
    "dtype": "float32",
    "mins": [
      -20.0,
      -20.0,
      -19.999996185302734
    ],
    "maxs": [
      -4.3214311599731445,
      -4.3214311599731445,
      -4.3214311599731445
    ],
    "files": [
      "scales.webp"
    ]
  },
  "quats": {
    "shape": [
      240100,
      4
    ],
    "dtype": "uint8",
    "encoding": "quaternion_packed",
    "files": [
      "quats.webp"
    ]
  },
  "sh0": {
    "shape": [
      240100,
      1,
      4
    ],
    "dtype": "float32",
    "mins": [
      -7.540030479431152,
      -7.451412200927734,
      -19.99982261657715,
      -19.947290420532227
    ],
    "maxs": [
      7.077929973602295,
      7.046186447143555,
      9.397541999816895,
      15.955706596374512
    ],
    "files": [
      "sh0.webp"
    ]
  }
}