{
  "means": {
    "shape": [
      240100,
      3
    ],
    "dtype": "float32",
    "mins": [
      -0.3945404291152954,
      -0.39141955971717834,
      -0.2744726240634918
    ],
    "maxs": [
      0.33236226439476013,
      0.2656194269657135,
      0.17952430248260498
    ],
    "files": [
      "means_l.webp",
      "means_u.webp"
    ]
  },
  "scales": {
    "shape": [
      240100,
      3
    ],
    "dtype": "float32",
    "mins": [
      -20.0,
      -20.0,
      -19.999998092651367
    ],
    "maxs": [
      -4.3214311599731445,
      -4.3214311599731445,
      -4.3214311599731445
    ],
    "files": [
      "scales.webp"
    ]
  },
  "quats": {
    "shape": [
      240100,
      4
    ],
    "dtype": "uint8",
    "encoding": "quaternion_packed",
    "files": [
      "quats.webp"
    ]
  },
  "sh0": {
    "shape": [
      240100,
      1,
      4
    ],
    "dtype": "float32",
    "mins": [
      -7.5496673583984375,
      -7.539250373840332,
      -19.999853134155273,
      -19.943138122558594
    ],
    "maxs": [
      7.7580156326293945,
      7.654657363891602,
      9.01395034790039,
      16.128767013549805
    ],
    "files": [
      "sh0.webp"
    ]
  }
}