{
  "means": {
    "shape": [
      240100,
      3
    ],
    "dtype": "float32",
    "mins": [
      -0.3791675567626953,
      -0.40546512603759766,
      -0.2592241168022156
    ],
    "maxs": [
      0.305109441280365,
      0.2730006277561188,
      0.18259091675281525
    ],
    "files": [
      "means_l.webp",
      "means_u.webp"
    ]
  },
  "scales": {
    "shape": [
      240100,
      3
    ],
    "dtype": "float32",
    "mins": [
      -20.0,
      -20.0,
      -19.999998092651367
    ],
    "maxs": [
      -4.3214311599731445,
      -4.3214311599731445,
      -4.3214311599731445
    ],
    "files": [
      "scales.webp"
    ]
  },
  "quats": {
    "shape": [
      240100,
      4
    ],
    "dtype": "uint8",
    "encoding": "quaternion_packed",
    "files": [
      "quats.webp"
    ]
  },
  "sh0": {
    "shape": [
      240100,
      1,
      4
    ],
    "dtype": "float32",
    "mins": [
      -7.473733425140381,
      -7.6903181076049805,
      -19.999834060668945,
      -19.944385528564453
    ],
    "maxs": [
      7.581198215484619,
      8.18017864227295,
      9.740527153015137,
      15.978689193725586
    ],
    "files": [
      "sh0.webp"
    ]
  }
}