{
  "means": {
    "shape": [
      240100,
      3
    ],
    "dtype": "float32",
    "mins": [
      -0.3707943856716156,
      -0.3992549180984497,
      -0.25140616297721863
    ],
    "maxs": [
      0.31506583094596863,
      0.2887779772281647,
      0.18822339177131653
    ],
    "files": [
      "means_l.webp",
      "means_u.webp"
    ]
  },
  "scales": {
    "shape": [
      240100,
      3
    ],
    "dtype": "float32",
    "mins": [
      -20.0,
      -20.0,
      -19.999998092651367
    ],
    "maxs": [
      -4.3214311599731445,
      -4.3214311599731445,
      -4.3214311599731445
    ],
    "files": [
      "scales.webp"
    ]
  },
  "quats": {
    "shape": [
      240100,
      4
    ],
    "dtype": "uint8",
    "encoding": "quaternion_packed",
    "files": [
      "quats.webp"
    ]
  },
  "sh0": {
    "shape": [
      240100,
      1,
      4
    ],
    "dtype": "float32",
    "mins": [
      -8.131094932556152,
      -7.301433086395264,
      -19.99978256225586,
      -19.946842193603516
    ],
    "maxs": [
      7.704046249389648,
      8.265539169311523,
      10.472213745117188,
      15.089211463928223
    ],
    "files": [
      "sh0.webp"
    ]
  }
}