{
  "means": {
    "shape": [
      240100,
      3
    ],
    "dtype": "float32",
    "mins": [
      -0.37984445691108704,
      -0.3894636631011963,
      -0.24282346665859222
    ],
    "maxs": [
      0.3478396236896515,
      0.2665339410305023,
      0.18388329446315765
    ],
    "files": [
      "means_l.webp",
      "means_u.webp"
    ]
  },
  "scales": {
    "shape": [
      240100,
      3
    ],
    "dtype": "float32",
    "mins": [
      -20.0,
      -20.0,
      -19.999998092651367
    ],
    "maxs": [
      -4.3214311599731445,
      -4.3214311599731445,
      -4.3214311599731445
    ],
    "files": [
      "scales.webp"
    ]
  },
  "quats": {
    "shape": [
      240100,
      4
    ],
    "dtype": "uint8",
    "encoding": "quaternion_packed",
    "files": [
      "quats.webp"
    ]
  },
  "sh0": {
    "shape": [
      240100,
      1,
      4
    ],
    "dtype": "float32",
    "mins": [
      -7.524702072143555,
      -7.689001560211182,
      -19.999860763549805,
      -19.952804565429688
    ],
    "maxs": [
      7.263663291931152,
      7.275185585021973,
      9.682591438293457,
      15.995144844055176
    ],
    "files": [
      "sh0.webp"
    ]
  }
}