{
  "means": {
    "shape": [
      240100,
      3
    ],
    "dtype": "float32",
    "mins": [
      -0.35203295946121216,
      -0.39380449056625366,
      -0.23333989083766937
    ],
    "maxs": [
      0.34244614839553833,
      0.29490429162979126,
      0.18375426530838013
    ],
    "files": [
      "means_l.webp",
      "means_u.webp"
    ]
  },
  "scales": {
    "shape": [
      240100,
      3
    ],
    "dtype": "float32",
    "mins": [
      -20.0,
      -19.999998092651367,
      -19.9999942779541
    ],
    "maxs": [
      -4.3214311599731445,
      -4.3214311599731445,
      -4.3214311599731445
    ],
    "files": [
      "scales.webp"
    ]
  },
  "quats": {
    "shape": [
      240100,
      4
    ],
    "dtype": "uint8",
    "encoding": "quaternion_packed",
    "files": [
      "quats.webp"
    ]
  },
  "sh0": {
    "shape": [
      240100,
      1,
      4
    ],
    "dtype": "float32",
    "mins": [
      -7.849490642547607,
      -7.301807880401611,
      -19.99972915649414,
      -19.937898635864258
    ],
    "maxs": [
      6.914501190185547,
      6.737591743469238,
      9.11684799194336,
      15.825295448303223
    ],
    "files": [
      "sh0.webp"
    ]
  }
}