{
  "means": {
    "shape": [
      240100,
      3
    ],
    "dtype": "float32",
    "mins": [
      -0.40446218848228455,
      -0.3748082220554352,
      -0.27684643864631653
    ],
    "maxs": [
      0.36761847138404846,
      0.27500084042549133,
      0.18265293538570404
    ],
    "files": [
      "means_l.webp",
      "means_u.webp"
    ]
  },
  "scales": {
    "shape": [
      240100,
      3
    ],
    "dtype": "float32",
    "mins": [
      -20.0,
      -20.0,
      -19.999996185302734
    ],
    "maxs": [
      -4.3214311599731445,
      -4.3214311599731445,
      -4.3214311599731445
    ],
    "files": [
      "scales.webp"
    ]
  },
  "quats": {
    "shape": [
      240100,
      4
    ],
    "dtype": "uint8",
    "encoding": "quaternion_packed",
    "files": [
      "quats.webp"
    ]
  },
  "sh0": {
    "shape": [
      240100,
      1,
      4
    ],
    "dtype": "float32",
    "mins": [
      -7.3478851318359375,
      -7.25099515914917,
      -19.999792098999023,
      -19.95030403137207
    ],
    "maxs": [
      7.071276664733887,
      7.18869161605835,
      8.713610649108887,
      15.668098449707031
    ],
    "files": [
      "sh0.webp"
    ]
  }
}