{
  "means": {
    "shape": [
      240100,
      3
    ],
    "dtype": "float32",
    "mins": [
      -0.3923685550689697,
      -0.38055214285850525,
      -0.2635221779346466
    ],
    "maxs": [
      0.3548835813999176,
      0.27142858505249023,
      0.18359316885471344
    ],
    "files": [
      "means_l.webp",
      "means_u.webp"
    ]
  },
  "scales": {
    "shape": [
      240100,
      3
    ],
    "dtype": "float32",
    "mins": [
      -20.0,
      -20.0,
      -19.999998092651367
    ],
    "maxs": [
      -4.3214311599731445,
      -4.3214311599731445,
      -4.3214311599731445
    ],
    "files": [
      "scales.webp"
    ]
  },
  "quats": {
    "shape": [
      240100,
      4
    ],
    "dtype": "uint8",
    "encoding": "quaternion_packed",
    "files": [
      "quats.webp"
    ]
  },
  "sh0": {
    "shape": [
      240100,
      1,
      4
    ],
    "dtype": "float32",
    "mins": [
      -7.427408695220947,
      -7.391747951507568,
      -19.99983787536621,
      -19.95148277282715
    ],
    "maxs": [
      7.127899169921875,
      7.285671710968018,
      9.49398422241211,
      16.006105422973633
    ],
    "files": [
      "sh0.webp"
    ]
  }
}