{
  "means": {
    "shape": [
      240100,
      3
    ],
    "dtype": "float32",
    "mins": [
      -0.3818131685256958,
      -0.3666253089904785,
      -0.17499050498008728
    ],
    "maxs": [
      0.37654444575309753,
      0.28578078746795654,
      0.24465017020702362
    ],
    "files": [
      "means_l.webp",
      "means_u.webp"
    ]
  },
  "scales": {
    "shape": [
      240100,
      3
    ],
    "dtype": "float32",
    "mins": [
      -20.0,
      -20.0,
      -19.999996185302734
    ],
    "maxs": [
      -4.3214311599731445,
      -4.3214311599731445,
      -4.3214311599731445
    ],
    "files": [
      "scales.webp"
    ]
  },
  "quats": {
    "shape": [
      240100,
      4
    ],
    "dtype": "uint8",
    "encoding": "quaternion_packed",
    "files": [
      "quats.webp"
    ]
  },
  "sh0": {
    "shape": [
      240100,
      1,
      4
    ],
    "dtype": "float32",
    "mins": [
      -8.221911430358887,
      -7.5305914878845215,
      -19.99981117248535,
      -19.94279670715332
    ],
    "maxs": [
      7.056419849395752,
      8.280364036560059,
      11.019746780395508,
      14.715982437133789
    ],
    "files": [
      "sh0.webp"
    ]
  }
}