{
  "means": {
    "shape": [
      240100,
      3
    ],
    "dtype": "float32",
    "mins": [
      -0.39970412850379944,
      -0.36656883358955383,
      -0.2793427109718323
    ],
    "maxs": [
      0.36858588457107544,
      0.2924613058567047,
      0.18590329587459564
    ],
    "files": [
      "means_l.webp",
      "means_u.webp"
    ]
  },
  "scales": {
    "shape": [
      240100,
      3
    ],
    "dtype": "float32",
    "mins": [
      -20.0,
      -20.0,
      -19.999998092651367
    ],
    "maxs": [
      -4.3214311599731445,
      -4.3214311599731445,
      -4.3214311599731445
    ],
    "files": [
      "scales.webp"
    ]
  },
  "quats": {
    "shape": [
      240100,
      4
    ],
    "dtype": "uint8",
    "encoding": "quaternion_packed",
    "files": [
      "quats.webp"
    ]
  },
  "sh0": {
    "shape": [
      240100,
      1,
      4
    ],
    "dtype": "float32",
    "mins": [
      -7.859042167663574,
      -7.352278709411621,
      -19.999807357788086,
      -19.9560489654541
    ],
    "maxs": [
      7.004957675933838,
      7.447866916656494,
      9.592267036437988,
      15.500324249267578
    ],
    "files": [
      "sh0.webp"
    ]
  }
}