{
  "means": {
    "shape": [
      240100,
      3
    ],
    "dtype": "float32",
    "mins": [
      -0.3535839021205902,
      -0.3903190493583679,
      -0.20535357296466827
    ],
    "maxs": [
      0.35606271028518677,
      0.2667867839336395,
      0.18474452197551727
    ],
    "files": [
      "means_l.webp",
      "means_u.webp"
    ]
  },
  "scales": {
    "shape": [
      240100,
      3
    ],
    "dtype": "float32",
    "mins": [
      -20.0,
      -20.0,
      -19.999998092651367
    ],
    "maxs": [
      -4.3214311599731445,
      -4.3214311599731445,
      -4.3214311599731445
    ],
    "files": [
      "scales.webp"
    ]
  },
  "quats": {
    "shape": [
      240100,
      4
    ],
    "dtype": "uint8",
    "encoding": "quaternion_packed",
    "files": [
      "quats.webp"
    ]
  },
  "sh0": {
    "shape": [
      240100,
      1,
      4
    ],
    "dtype": "float32",
    "mins": [
      -7.65582799911499,
      -7.671560287475586,
      -19.99988555908203,
      -19.957687377929688
    ],
    "maxs": [
      7.553109169006348,
      6.83373498916626,
      9.479247093200684,
      15.394425392150879
    ],
    "files": [
      "sh0.webp"
    ]
  }
}