{
  "means": {
    "shape": [
      240100,
      3
    ],
    "dtype": "float32",
    "mins": [
      -0.3313716948032379,
      -0.3932442367076874,
      -0.2079271674156189
    ],
    "maxs": [
      0.3261600434780121,
      0.30371132493019104,
      0.18769381940364838
    ],
    "files": [
      "means_l.webp",
      "means_u.webp"
    ]
  },
  "scales": {
    "shape": [
      240100,
      3
    ],
    "dtype": "float32",
    "mins": [
      -20.0,
      -20.0,
      -19.999998092651367
    ],
    "maxs": [
      -4.3214311599731445,
      -4.3214311599731445,
      -4.3214311599731445
    ],
    "files": [
      "scales.webp"
    ]
  },
  "quats": {
    "shape": [
      240100,
      4
    ],
    "dtype": "uint8",
    "encoding": "quaternion_packed",
    "files": [
      "quats.webp"
    ]
  },
  "sh0": {
    "shape": [
      240100,
      1,
      4
    ],
    "dtype": "float32",
    "mins": [
      -8.137537002563477,
      -7.532529830932617,
      -19.999711990356445,
      -19.94188117980957
    ],
    "maxs": [
      7.513710975646973,
      6.828732967376709,
      9.81704330444336,
      15.074162483215332
    ],
    "files": [
      "sh0.webp"
    ]
  }
}