{
  "means": {
    "shape": [
      240100,
      3
    ],
    "dtype": "float32",
    "mins": [
      -0.38299497961997986,
      -0.40256503224372864,
      -0.25727835297584534
    ],
    "maxs": [
      0.30930018424987793,
      0.2681104242801666,
      0.17877718806266785
    ],
    "files": [
      "means_l.webp",
      "means_u.webp"
    ]
  },
  "scales": {
    "shape": [
      240100,
      3
    ],
    "dtype": "float32",
    "mins": [
      -20.0,
      -20.0,
      -19.999998092651367
    ],
    "maxs": [
      -4.3214311599731445,
      -4.3214311599731445,
      -4.3214311599731445
    ],
    "files": [
      "scales.webp"
    ]
  },
  "quats": {
    "shape": [
      240100,
      4
    ],
    "dtype": "uint8",
    "encoding": "quaternion_packed",
    "files": [
      "quats.webp"
    ]
  },
  "sh0": {
    "shape": [
      240100,
      1,
      4
    ],
    "dtype": "float32",
    "mins": [
      -7.571136951446533,
      -7.730330944061279,
      -19.999855041503906,
      -19.94296646118164
    ],
    "maxs": [
      7.853694438934326,
      8.307804107666016,
      9.704225540161133,
      16.312536239624023
    ],
    "files": [
      "sh0.webp"
    ]
  }
}