{
  "means": {
    "shape": [
      240100,
      3
    ],
    "dtype": "float32",
    "mins": [
      -0.36168351769447327,
      -0.38285690546035767,
      -0.2017775923013687
    ],
    "maxs": [
      0.3578309416770935,
      0.27977538108825684,
      0.1849808692932129
    ],
    "files": [
      "means_l.webp",
      "means_u.webp"
    ]
  },
  "scales": {
    "shape": [
      240100,
      3
    ],
    "dtype": "float32",
    "mins": [
      -20.0,
      -20.0,
      -19.999996185302734
    ],
    "maxs": [
      -4.3214311599731445,
      -4.3214311599731445,
      -4.3214311599731445
    ],
    "files": [
      "scales.webp"
    ]
  },
  "quats": {
    "shape": [
      240100,
      4
    ],
    "dtype": "uint8",
    "encoding": "quaternion_packed",
    "files": [
      "quats.webp"
    ]
  },
  "sh0": {
    "shape": [
      240100,
      1,
      4
    ],
    "dtype": "float32",
    "mins": [
      -7.683246612548828,
      -7.6795501708984375,
      -19.999797821044922,
      -19.94205665588379
    ],
    "maxs": [
      7.078223705291748,
      7.1795125007629395,
      9.839285850524902,
      14.981832504272461
    ],
    "files": [
      "sh0.webp"
    ]
  }
}