{
  "means": {
    "shape": [
      240100,
      3
    ],
    "dtype": "float32",
    "mins": [
      -0.3630076050758362,
      -0.39108172059059143,
      -0.21351447701454163
    ],
    "maxs": [
      0.35244712233543396,
      0.2754625976085663,
      0.18439792096614838
    ],
    "files": [
      "means_l.webp",
      "means_u.webp"
    ]
  },
  "scales": {
    "shape": [
      240100,
      3
    ],
    "dtype": "float32",
    "mins": [
      -20.0,
      -20.0,
      -19.999996185302734
    ],
    "maxs": [
      -4.3214311599731445,
      -4.3214311599731445,
      -4.3214311599731445
    ],
    "files": [
      "scales.webp"
    ]
  },
  "quats": {
    "shape": [
      240100,
      4
    ],
    "dtype": "uint8",
    "encoding": "quaternion_packed",
    "files": [
      "quats.webp"
    ]
  },
  "sh0": {
    "shape": [
      240100,
      1,
      4
    ],
    "dtype": "float32",
    "mins": [
      -7.608175754547119,
      -7.480396747589111,
      -19.999832153320312,
      -19.948726654052734
    ],
    "maxs": [
      7.118771553039551,
      6.8977251052856445,
      9.34123706817627,
      15.780496597290039
    ],
    "files": [
      "sh0.webp"
    ]
  }
}