{
  "means": {
    "shape": [
      240100,
      3
    ],
    "dtype": "float32",
    "mins": [
      -0.40546512603759766,
      -0.3637499511241913,
      -0.2586955726146698
    ],
    "maxs": [
      0.38102343678474426,
      0.28275859355926514,
      0.18360956013202667
    ],
    "files": [
      "means_l.webp",
      "means_u.webp"
    ]
  },
  "scales": {
    "shape": [
      240100,
      3
    ],
    "dtype": "float32",
    "mins": [
      -20.0,
      -20.0,
      -19.999996185302734
    ],
    "maxs": [
      -4.3214311599731445,
      -4.3214311599731445,
      -4.3214311599731445
    ],
    "files": [
      "scales.webp"
    ]
  },
  "quats": {
    "shape": [
      240100,
      4
    ],
    "dtype": "uint8",
    "encoding": "quaternion_packed",
    "files": [
      "quats.webp"
    ]
  },
  "sh0": {
    "shape": [
      240100,
      1,
      4
    ],
    "dtype": "float32",
    "mins": [
      -6.76536750793457,
      -7.293648719787598,
      -19.99976921081543,
      -19.94684600830078
    ],
    "maxs": [
      7.050396919250488,
      7.7698774337768555,
      9.67160701751709,
      15.149606704711914
    ],
    "files": [
      "sh0.webp"
    ]
  }
}