{
  "means": {
    "shape": [
      240100,
      3
    ],
    "dtype": "float32",
    "mins": [
      -0.38183730840682983,
      -0.3724086284637451,
      -0.16943062841892242
    ],
    "maxs": [
      0.3785346746444702,
      0.2783743143081665,
      0.2696053385734558
    ],
    "files": [
      "means_l.webp",
      "means_u.webp"
    ]
  },
  "scales": {
    "shape": [
      240100,
      3
    ],
    "dtype": "float32",
    "mins": [
      -20.0,
      -19.999998092651367,
      -19.999996185302734
    ],
    "maxs": [
      -4.3214311599731445,
      -4.3214311599731445,
      -4.3214311599731445
    ],
    "files": [
      "scales.webp"
    ]
  },
  "quats": {
    "shape": [
      240100,
      4
    ],
    "dtype": "uint8",
    "encoding": "quaternion_packed",
    "files": [
      "quats.webp"
    ]
  },
  "sh0": {
    "shape": [
      240100,
      1,
      4
    ],
    "dtype": "float32",
    "mins": [
      -8.130151748657227,
      -7.940645217895508,
      -19.999753952026367,
      -19.935338973999023
    ],
    "maxs": [
      7.0875983238220215,
      7.527986526489258,
      10.455466270446777,
      14.301119804382324
    ],
    "files": [
      "sh0.webp"
    ]
  }
}