{
  "means": {
    "shape": [
      240100,
      3
    ],
    "dtype": "float32",
    "mins": [
      -0.32484039664268494,
      -0.3895960748195648,
      -0.19929857552051544
    ],
    "maxs": [
      0.3648217022418976,
      0.2819615602493286,
      0.18554387986660004
    ],
    "files": [
      "means_l.webp",
      "means_u.webp"
    ]
  },
  "scales": {
    "shape": [
      240100,
      3
    ],
    "dtype": "float32",
    "mins": [
      -20.0,
      -20.0,
      -19.999998092651367
    ],
    "maxs": [
      -4.3214311599731445,
      -4.3214311599731445,
      -4.3214311599731445
    ],
    "files": [
      "scales.webp"
    ]
  },
  "quats": {
    "shape": [
      240100,
      4
    ],
    "dtype": "uint8",
    "encoding": "quaternion_packed",
    "files": [
      "quats.webp"
    ]
  },
  "sh0": {
    "shape": [
      240100,
      1,
      4
    ],
    "dtype": "float32",
    "mins": [
      -8.76963996887207,
      -8.574384689331055,
      -19.99985122680664,
      -19.959285736083984
    ],
    "maxs": [
      7.434795379638672,
      6.430107116699219,
      10.161727905273438,
      14.492745399475098
    ],
    "files": [
      "sh0.webp"
    ]
  }
}