{
  "means": {
    "shape": [
      240100,
      3
    ],
    "dtype": "float32",
    "mins": [
      -0.3826743960380554,
      -0.3663825988769531,
      -0.19088992476463318
    ],
    "maxs": [
      0.36708366870880127,
      0.23828940093517303,
      0.21647033095359802
    ],
    "files": [
      "means_l.webp",
      "means_u.webp"
    ]
  },
  "scales": {
    "shape": [
      240100,
      3
    ],
    "dtype": "float32",
    "mins": [
      -20.0,
      -19.999998092651367,
      -19.999996185302734
    ],
    "maxs": [
      -4.3214311599731445,
      -4.3214311599731445,
      -4.3214311599731445
    ],
    "files": [
      "scales.webp"
    ]
  },
  "quats": {
    "shape": [
      240100,
      4
    ],
    "dtype": "uint8",
    "encoding": "quaternion_packed",
    "files": [
      "quats.webp"
    ]
  },
  "sh0": {
    "shape": [
      240100,
      1,
      4
    ],
    "dtype": "float32",
    "mins": [
      -8.706818580627441,
      -7.949125289916992,
      -19.999706268310547,
      -19.93349838256836
    ],
    "maxs": [
      6.788790225982666,
      7.636157989501953,
      9.709980964660645,
      13.972764015197754
    ],
    "files": [
      "sh0.webp"
    ]
  }
}