{
  "means": {
    "shape": [
      240100,
      3
    ],
    "dtype": "float32",
    "mins": [
      -0.4038470387458801,
      -0.37630099058151245,
      -0.26742103695869446
    ],
    "maxs": [
      0.37677863240242004,
      0.28204113245010376,
      0.1825958490371704
    ],
    "files": [
      "means_l.webp",
      "means_u.webp"
    ]
  },
  "scales": {
    "shape": [
      240100,
      3
    ],
    "dtype": "float32",
    "mins": [
      -20.0,
      -20.0,
      -19.999996185302734
    ],
    "maxs": [
      -4.3214311599731445,
      -4.3214311599731445,
      -4.3214311599731445
    ],
    "files": [
      "scales.webp"
    ]
  },
  "quats": {
    "shape": [
      240100,
      4
    ],
    "dtype": "uint8",
    "encoding": "quaternion_packed",
    "files": [
      "quats.webp"
    ]
  },
  "sh0": {
    "shape": [
      240100,
      1,
      4
    ],
    "dtype": "float32",
    "mins": [
      -7.649150848388672,
      -7.201295375823975,
      -19.99979019165039,
      -19.95147132873535
    ],
    "maxs": [
      7.096817970275879,
      7.149753570556641,
      8.58665943145752,
      15.367955207824707
    ],
    "files": [
      "sh0.webp"
    ]
  }
}