{
  "means": {
    "shape": [
      240100,
      3
    ],
    "dtype": "float32",
    "mins": [
      -0.39484429359436035,
      -0.3913711905479431,
      -0.26625674962997437
    ],
    "maxs": [
      0.3348260223865509,
      0.26932090520858765,
      0.18254774808883667
    ],
    "files": [
      "means_l.webp",
      "means_u.webp"
    ]
  },
  "scales": {
    "shape": [
      240100,
      3
    ],
    "dtype": "float32",
    "mins": [
      -20.0,
      -20.0,
      -19.999998092651367
    ],
    "maxs": [
      -4.3214311599731445,
      -4.3214311599731445,
      -4.3214311599731445
    ],
    "files": [
      "scales.webp"
    ]
  },
  "quats": {
    "shape": [
      240100,
      4
    ],
    "dtype": "uint8",
    "encoding": "quaternion_packed",
    "files": [
      "quats.webp"
    ]
  },
  "sh0": {
    "shape": [
      240100,
      1,
      4
    ],
    "dtype": "float32",
    "mins": [
      -7.420743942260742,
      -7.609710216522217,
      -19.999849319458008,
      -19.947710037231445
    ],
    "maxs": [
      7.549623489379883,
      7.961484909057617,
      9.311978340148926,
      15.99051284790039
    ],
    "files": [
      "sh0.webp"
    ]
  }
}