{
  "means": {
    "shape": [
      240100,
      3
    ],
    "dtype": "float32",
    "mins": [
      -0.40546512603759766,
      -0.3611663579940796,
      -0.2519787847995758
    ],
    "maxs": [
      0.3698389530181885,
      0.28442174196243286,
      0.18483909964561462
    ],
    "files": [
      "means_l.webp",
      "means_u.webp"
    ]
  },
  "scales": {
    "shape": [
      240100,
      3
    ],
    "dtype": "float32",
    "mins": [
      -20.0,
      -20.0,
      -19.9999942779541
    ],
    "maxs": [
      -4.3214311599731445,
      -4.3214311599731445,
      -4.3214311599731445
    ],
    "files": [
      "scales.webp"
    ]
  },
  "quats": {
    "shape": [
      240100,
      4
    ],
    "dtype": "uint8",
    "encoding": "quaternion_packed",
    "files": [
      "quats.webp"
    ]
  },
  "sh0": {
    "shape": [
      240100,
      1,
      4
    ],
    "dtype": "float32",
    "mins": [
      -6.820529937744141,
      -7.104083061218262,
      -19.999759674072266,
      -19.93364906311035
    ],
    "maxs": [
      7.203295707702637,
      8.259757995605469,
      10.192831039428711,
      14.603981971740723
    ],
    "files": [
      "sh0.webp"
    ]
  }
}