{
  "means": {
    "shape": [
      240100,
      3
    ],
    "dtype": "float32",
    "mins": [
      -0.3767974078655243,
      -0.3968977630138397,
      -0.26275917887687683
    ],
    "maxs": [
      0.31281939148902893,
      0.26130324602127075,
      0.17737221717834473
    ],
    "files": [
      "means_l.webp",
      "means_u.webp"
    ]
  },
  "scales": {
    "shape": [
      240100,
      3
    ],
    "dtype": "float32",
    "mins": [
      -20.0,
      -20.0,
      -19.999998092651367
    ],
    "maxs": [
      -4.3214311599731445,
      -4.3214311599731445,
      -4.3214311599731445
    ],
    "files": [
      "scales.webp"
    ]
  },
  "quats": {
    "shape": [
      240100,
      4
    ],
    "dtype": "uint8",
    "encoding": "quaternion_packed",
    "files": [
      "quats.webp"
    ]
  },
  "sh0": {
    "shape": [
      240100,
      1,
      4
    ],
    "dtype": "float32",
    "mins": [
      -7.653660774230957,
      -7.570600986480713,
      -19.99987030029297,
      -19.93625831604004
    ],
    "maxs": [
      8.03618335723877,
      7.940753936767578,
      9.181975364685059,
      16.727998733520508
    ],
    "files": [
      "sh0.webp"
    ]
  }
}