{
  "means": {
    "shape": [
      240100,
      3
    ],
    "dtype": "float32",
    "mins": [
      -0.40546512603759766,
      -0.36872002482414246,
      -0.27558526396751404
    ],
    "maxs": [
      0.381635457277298,
      0.28357994556427,
      0.18371587991714478
    ],
    "files": [
      "means_l.webp",
      "means_u.webp"
    ]
  },
  "scales": {
    "shape": [
      240100,
      3
    ],
    "dtype": "float32",
    "mins": [
      -20.0,
      -20.0,
      -19.999996185302734
    ],
    "maxs": [
      -4.3214311599731445,
      -4.3214311599731445,
      -4.3214311599731445
    ],
    "files": [
      "scales.webp"
    ]
  },
  "quats": {
    "shape": [
      240100,
      4
    ],
    "dtype": "uint8",
    "encoding": "quaternion_packed",
    "files": [
      "quats.webp"
    ]
  },
  "sh0": {
    "shape": [
      240100,
      1,
      4
    ],
    "dtype": "float32",
    "mins": [
      -7.630924224853516,
      -7.257055282592773,
      -19.99980354309082,
      -19.952558517456055
    ],
    "maxs": [
      7.142617702484131,
      7.373085021972656,
      9.23607063293457,
      15.299543380737305
    ],
    "files": [
      "sh0.webp"
    ]
  }
}