{
  "means": {
    "shape": [
      240100,
      3
    ],
    "dtype": "float32",
    "mins": [
      -0.3838392198085785,
      -0.36804091930389404,
      -0.18485213816165924
    ],
    "maxs": [
      0.36995038390159607,
      0.2814885973930359,
      0.2509292662143707
    ],
    "files": [
      "means_l.webp",
      "means_u.webp"
    ]
  },
  "scales": {
    "shape": [
      240100,
      3
    ],
    "dtype": "float32",
    "mins": [
      -20.0,
      -20.0,
      -19.999996185302734
    ],
    "maxs": [
      -4.3214311599731445,
      -4.3214311599731445,
      -4.3214311599731445
    ],
    "files": [
      "scales.webp"
    ]
  },
  "quats": {
    "shape": [
      240100,
      4
    ],
    "dtype": "uint8",
    "encoding": "quaternion_packed",
    "files": [
      "quats.webp"
    ]
  },
  "sh0": {
    "shape": [
      240100,
      1,
      4
    ],
    "dtype": "float32",
    "mins": [
      -8.197866439819336,
      -7.591624736785889,
      -19.99982452392578,
      -19.943342208862305
    ],
    "maxs": [
      7.086504936218262,
      7.931628227233887,
      10.729696273803711,
      15.201913833618164
    ],
    "files": [
      "sh0.webp"
    ]
  }
}