{
  "means": {
    "shape": [
      240100,
      3
    ],
    "dtype": "float32",
    "mins": [
      -0.3422554135322571,
      -0.389128178358078,
      -0.204036682844162
    ],
    "maxs": [
      0.34140363335609436,
      0.2931956946849823,
      0.18687686324119568
    ],
    "files": [
      "means_l.webp",
      "means_u.webp"
    ]
  },
  "scales": {
    "shape": [
      240100,
      3
    ],
    "dtype": "float32",
    "mins": [
      -20.0,
      -20.0,
      -19.999998092651367
    ],
    "maxs": [
      -4.3214311599731445,
      -4.3214311599731445,
      -4.3214311599731445
    ],
    "files": [
      "scales.webp"
    ]
  },
  "quats": {
    "shape": [
      240100,
      4
    ],
    "dtype": "uint8",
    "encoding": "quaternion_packed",
    "files": [
      "quats.webp"
    ]
  },
  "sh0": {
    "shape": [
      240100,
      1,
      4
    ],
    "dtype": "float32",
    "mins": [
      -8.022756576538086,
      -7.623641490936279,
      -19.999828338623047,
      -19.951961517333984
    ],
    "maxs": [
      7.6145782470703125,
      6.741995334625244,
      10.057538986206055,
      15.380387306213379
    ],
    "files": [
      "sh0.webp"
    ]
  }
}