{
  "means": {
    "shape": [
      240100,
      3
    ],
    "dtype": "float32",
    "mins": [
      -0.3819381594657898,
      -0.3869902193546295,
      -0.22591328620910645
    ],
    "maxs": [
      0.34092751145362854,
      0.2715184986591339,
      0.1815461963415146
    ],
    "files": [
      "means_l.webp",
      "means_u.webp"
    ]
  },
  "scales": {
    "shape": [
      240100,
      3
    ],
    "dtype": "float32",
    "mins": [
      -20.0,
      -20.0,
      -19.999998092651367
    ],
    "maxs": [
      -4.3214311599731445,
      -4.3214311599731445,
      -4.3214311599731445
    ],
    "files": [
      "scales.webp"
    ]
  },
  "quats": {
    "shape": [
      240100,
      4
    ],
    "dtype": "uint8",
    "encoding": "quaternion_packed",
    "files": [
      "quats.webp"
    ]
  },
  "sh0": {
    "shape": [
      240100,
      1,
      4
    ],
    "dtype": "float32",
    "mins": [
      -7.657185077667236,
      -7.962924003601074,
      -19.99992561340332,
      -19.965116500854492
    ],
    "maxs": [
      8.097251892089844,
      8.191449165344238,
      10.080355644226074,
      15.746888160705566
    ],
    "files": [
      "sh0.webp"
    ]
  }
}