{
  "means": {
    "shape": [
      240100,
      3
    ],
    "dtype": "float32",
    "mins": [
      -0.37283387780189514,
      -0.38432449102401733,
      -0.1783549040555954
    ],
    "maxs": [
      0.3673846125602722,
      0.2643032371997833,
      0.18471981585025787
    ],
    "files": [
      "means_l.webp",
      "means_u.webp"
    ]
  },
  "scales": {
    "shape": [
      240100,
      3
    ],
    "dtype": "float32",
    "mins": [
      -20.0,
      -20.0,
      -19.999998092651367
    ],
    "maxs": [
      -4.3214311599731445,
      -4.3214311599731445,
      -4.3214311599731445
    ],
    "files": [
      "scales.webp"
    ]
  },
  "quats": {
    "shape": [
      240100,
      4
    ],
    "dtype": "uint8",
    "encoding": "quaternion_packed",
    "files": [
      "quats.webp"
    ]
  },
  "sh0": {
    "shape": [
      240100,
      1,
      4
    ],
    "dtype": "float32",
    "mins": [
      -7.46746301651001,
      -7.651745796203613,
      -19.9998836517334,
      -19.957548141479492
    ],
    "maxs": [
      7.5323944091796875,
      7.419549942016602,
      10.213617324829102,
      15.269112586975098
    ],
    "files": [
      "sh0.webp"
    ]
  }
}