{
  "means": {
    "shape": [
      240100,
      3
    ],
    "dtype": "float32",
    "mins": [
      -0.3991384506225586,
      -0.36421510577201843,
      -0.28637486696243286
    ],
    "maxs": [
      0.3669862747192383,
      0.29496195912361145,
      0.18709981441497803
    ],
    "files": [
      "means_l.webp",
      "means_u.webp"
    ]
  },
  "scales": {
    "shape": [
      240100,
      3
    ],
    "dtype": "float32",
    "mins": [
      -20.0,
      -20.0,
      -19.999998092651367
    ],
    "maxs": [
      -4.3214311599731445,
      -4.3214311599731445,
      -4.3214311599731445
    ],
    "files": [
      "scales.webp"
    ]
  },
  "quats": {
    "shape": [
      240100,
      4
    ],
    "dtype": "uint8",
    "encoding": "quaternion_packed",
    "files": [
      "quats.webp"
    ]
  },
  "sh0": {
    "shape": [
      240100,
      1,
      4
    ],
    "dtype": "float32",
    "mins": [
      -8.038416862487793,
      -7.510214328765869,
      -19.999832153320312,
      -19.960102081298828
    ],
    "maxs": [
      6.916932582855225,
      7.418593883514404,
      9.960506439208984,
      15.406517028808594
    ],
    "files": [
      "sh0.webp"
    ]
  }
}