{
  "means": {
    "shape": [
      240100,
      3
    ],
    "dtype": "float32",
    "mins": [
      -0.3916989862918854,
      -0.3696865141391754,
      -0.21030594408512115
    ],
    "maxs": [
      0.3572910726070404,
      0.27510854601860046,
      0.18489927053451538
    ],
    "files": [
      "means_l.webp",
      "means_u.webp"
    ]
  },
  "scales": {
    "shape": [
      240100,
      3
    ],
    "dtype": "float32",
    "mins": [
      -20.0,
      -20.0,
      -19.999998092651367
    ],
    "maxs": [
      -4.3214311599731445,
      -4.3214311599731445,
      -4.3214311599731445
    ],
    "files": [
      "scales.webp"
    ]
  },
  "quats": {
    "shape": [
      240100,
      4
    ],
    "dtype": "uint8",
    "encoding": "quaternion_packed",
    "files": [
      "quats.webp"
    ]
  },
  "sh0": {
    "shape": [
      240100,
      1,
      4
    ],
    "dtype": "float32",
    "mins": [
      -7.006723403930664,
      -7.7675933837890625,
      -19.99990463256836,
      -19.96312141418457
    ],
    "maxs": [
      7.592430591583252,
      8.823396682739258,
      10.923643112182617,
      15.678064346313477
    ],
    "files": [
      "sh0.webp"
    ]
  }
}