{
  "means": {
    "shape": [
      240100,
      3
    ],
    "dtype": "float32",
    "mins": [
      -0.34534287452697754,
      -0.3900836110115051,
      -0.19859111309051514
    ],
    "maxs": [
      0.3586694300174713,
      0.26190081238746643,
      0.18493010103702545
    ],
    "files": [
      "means_l.webp",
      "means_u.webp"
    ]
  },
  "scales": {
    "shape": [
      240100,
      3
    ],
    "dtype": "float32",
    "mins": [
      -20.0,
      -20.0,
      -19.999998092651367
    ],
    "maxs": [
      -4.3214311599731445,
      -4.3214311599731445,
      -4.3214311599731445
    ],
    "files": [
      "scales.webp"
    ]
  },
  "quats": {
    "shape": [
      240100,
      4
    ],
    "dtype": "uint8",
    "encoding": "quaternion_packed",
    "files": [
      "quats.webp"
    ]
  },
  "sh0": {
    "shape": [
      240100,
      1,
      4
    ],
    "dtype": "float32",
    "mins": [
      -8.521347999572754,
      -7.984549522399902,
      -19.999902725219727,
      -19.963451385498047
    ],
    "maxs": [
      7.7941694259643555,
      6.9149489402771,
      9.966172218322754,
      15.019309997558594
    ],
    "files": [
      "sh0.webp"
    ]
  }
}