{
  "means": {
    "shape": [
      240100,
      3
    ],
    "dtype": "float32",
    "mins": [
      -0.4006323516368866,
      -0.3823089599609375,
      -0.265415221452713
    ],
    "maxs": [
      0.34610724449157715,
      0.269701212644577,
      0.18272936344146729
    ],
    "files": [
      "means_l.webp",
      "means_u.webp"
    ]
  },
  "scales": {
    "shape": [
      240100,
      3
    ],
    "dtype": "float32",
    "mins": [
      -20.0,
      -20.0,
      -19.999998092651367
    ],
    "maxs": [
      -4.3214311599731445,
      -4.3214311599731445,
      -4.3214311599731445
    ],
    "files": [
      "scales.webp"
    ]
  },
  "quats": {
    "shape": [
      240100,
      4
    ],
    "dtype": "uint8",
    "encoding": "quaternion_packed",
    "files": [
      "quats.webp"
    ]
  },
  "sh0": {
    "shape": [
      240100,
      1,
      4
    ],
    "dtype": "float32",
    "mins": [
      -7.328884601593018,
      -7.365180969238281,
      -19.99981689453125,
      -19.944326400756836
    ],
    "maxs": [
      7.467555046081543,
      7.773558616638184,
      9.22559928894043,
      15.971795082092285
    ],
    "files": [
      "sh0.webp"
    ]
  }
}