{
  "means": {
    "shape": [
      240100,
      3
    ],
    "dtype": "float32",
    "mins": [
      -0.39365965127944946,
      -0.3661106526851654,
      -0.2720683813095093
    ],
    "maxs": [
      0.3588072657585144,
      0.2997277081012726,
      0.18770213425159454
    ],
    "files": [
      "means_l.webp",
      "means_u.webp"
    ]
  },
  "scales": {
    "shape": [
      240100,
      3
    ],
    "dtype": "float32",
    "mins": [
      -20.0,
      -20.0,
      -19.999996185302734
    ],
    "maxs": [
      -4.3214311599731445,
      -4.3214311599731445,
      -4.3214311599731445
    ],
    "files": [
      "scales.webp"
    ]
  },
  "quats": {
    "shape": [
      240100,
      4
    ],
    "dtype": "uint8",
    "encoding": "quaternion_packed",
    "files": [
      "quats.webp"
    ]
  },
  "sh0": {
    "shape": [
      240100,
      1,
      4
    ],
    "dtype": "float32",
    "mins": [
      -7.883277416229248,
      -7.6431379318237305,
      -19.999805450439453,
      -19.95330810546875
    ],
    "maxs": [
      6.773523330688477,
      7.139744758605957,
      9.912429809570312,
      15.285165786743164
    ],
    "files": [
      "sh0.webp"
    ]
  }
}