{
  "means": {
    "shape": [
      240100,
      3
    ],
    "dtype": "float32",
    "mins": [
      -0.3359193503856659,
      -0.39248791337013245,
      -0.21044370532035828
    ],
    "maxs": [
      0.32629603147506714,
      0.2950740158557892,
      0.18676698207855225
    ],
    "files": [
      "means_l.webp",
      "means_u.webp"
    ]
  },
  "scales": {
    "shape": [
      240100,
      3
    ],
    "dtype": "float32",
    "mins": [
      -20.0,
      -20.0,
      -19.999998092651367
    ],
    "maxs": [
      -4.3214311599731445,
      -4.3214311599731445,
      -4.3214311599731445
    ],
    "files": [
      "scales.webp"
    ]
  },
  "quats": {
    "shape": [
      240100,
      4
    ],
    "dtype": "uint8",
    "encoding": "quaternion_packed",
    "files": [
      "quats.webp"
    ]
  },
  "sh0": {
    "shape": [
      240100,
      1,
      4
    ],
    "dtype": "float32",
    "mins": [
      -8.21535587310791,
      -7.406228065490723,
      -19.999794006347656,
      -19.9450626373291
    ],
    "maxs": [
      7.551731109619141,
      7.125657081604004,
      10.075128555297852,
      15.31218433380127
    ],
    "files": [
      "sh0.webp"
    ]
  }
}