{
  "means": {
    "shape": [
      240100,
      3
    ],
    "dtype": "float32",
    "mins": [
      -0.3818686604499817,
      -0.40395981073379517,
      -0.2311461716890335
    ],
    "maxs": [
      0.3085038363933563,
      0.2924979329109192,
      0.18767814338207245
    ],
    "files": [
      "means_l.webp",
      "means_u.webp"
    ]
  },
  "scales": {
    "shape": [
      240100,
      3
    ],
    "dtype": "float32",
    "mins": [
      -20.0,
      -20.0,
      -19.999998092651367
    ],
    "maxs": [
      -4.3214311599731445,
      -4.3214311599731445,
      -4.3214311599731445
    ],
    "files": [
      "scales.webp"
    ]
  },
  "quats": {
    "shape": [
      240100,
      4
    ],
    "dtype": "uint8",
    "encoding": "quaternion_packed",
    "files": [
      "quats.webp"
    ]
  },
  "sh0": {
    "shape": [
      240100,
      1,
      4
    ],
    "dtype": "float32",
    "mins": [
      -8.323699951171875,
      -7.203105926513672,
      -19.999826431274414,
      -19.949310302734375
    ],
    "maxs": [
      7.671648025512695,
      8.464969635009766,
      10.276671409606934,
      14.617318153381348
    ],
    "files": [
      "sh0.webp"
    ]
  }
}