{
  "means": {
    "shape": [
      240100,
      3
    ],
    "dtype": "float32",
    "mins": [
      -0.3633018434047699,
      -0.39004138112068176,
      -0.18539878726005554
    ],
    "maxs": [
      0.3569946885108948,
      0.2605803310871124,
      0.1843157559633255
    ],
    "files": [
      "means_l.webp",
      "means_u.webp"
    ]
  },
  "scales": {
    "shape": [
      240100,
      3
    ],
    "dtype": "float32",
    "mins": [
      -20.0,
      -20.0,
      -20.0
    ],
    "maxs": [
      -4.3214311599731445,
      -4.3214311599731445,
      -4.3214311599731445
    ],
    "files": [
      "scales.webp"
    ]
  },
  "quats": {
    "shape": [
      240100,
      4
    ],
    "dtype": "uint8",
    "encoding": "quaternion_packed",
    "files": [
      "quats.webp"
    ]
  },
  "sh0": {
    "shape": [
      240100,
      1,
      4
    ],
    "dtype": "float32",
    "mins": [
      -7.712699890136719,
      -7.894830703735352,
      -19.99993133544922,
      -19.966833114624023
    ],
    "maxs": [
      7.980473518371582,
      7.706051826477051,
      10.108475685119629,
      15.49858570098877
    ],
    "files": [
      "sh0.webp"
    ]
  }
}