{
  "means": {
    "shape": [
      240100,
      3
    ],
    "dtype": "float32",
    "mins": [
      -0.39419499039649963,
      -0.3706265091896057,
      -0.26557308435440063
    ],
    "maxs": [
      0.3623252511024475,
      0.29467618465423584,
      0.18488752841949463
    ],
    "files": [
      "means_l.webp",
      "means_u.webp"
    ]
  },
  "scales": {
    "shape": [
      240100,
      3
    ],
    "dtype": "float32",
    "mins": [
      -20.0,
      -20.0,
      -19.999998092651367
    ],
    "maxs": [
      -4.3214311599731445,
      -4.3214311599731445,
      -4.3214311599731445
    ],
    "files": [
      "scales.webp"
    ]
  },
  "quats": {
    "shape": [
      240100,
      4
    ],
    "dtype": "uint8",
    "encoding": "quaternion_packed",
    "files": [
      "quats.webp"
    ]
  },
  "sh0": {
    "shape": [
      240100,
      1,
      4
    ],
    "dtype": "float32",
    "mins": [
      -7.857146739959717,
      -7.342354774475098,
      -19.999813079833984,
      -19.955791473388672
    ],
    "maxs": [
      7.0490007400512695,
      7.189996719360352,
      9.32682991027832,
      15.668625831604004
    ],
    "files": [
      "sh0.webp"
    ]
  }
}