{
  "means": {
    "shape": [
      240100,
      3
    ],
    "dtype": "float32",
    "mins": [
      -0.3772197365760803,
      -0.37408432364463806,
      -0.17789259552955627
    ],
    "maxs": [
      0.3733946681022644,
      0.26122966408729553,
      0.2899169325828552
    ],
    "files": [
      "means_l.webp",
      "means_u.webp"
    ]
  },
  "scales": {
    "shape": [
      240100,
      3
    ],
    "dtype": "float32",
    "mins": [
      -20.0,
      -19.999998092651367,
      -19.9999942779541
    ],
    "maxs": [
      -4.3214311599731445,
      -4.3214311599731445,
      -4.3214311599731445
    ],
    "files": [
      "scales.webp"
    ]
  },
  "quats": {
    "shape": [
      240100,
      4
    ],
    "dtype": "uint8",
    "encoding": "quaternion_packed",
    "files": [
      "quats.webp"
    ]
  },
  "sh0": {
    "shape": [
      240100,
      1,
      4
    ],
    "dtype": "float32",
    "mins": [
      -8.282329559326172,
      -7.825040817260742,
      -19.99970245361328,
      -19.927783966064453
    ],
    "maxs": [
      7.035782814025879,
      7.625284671783447,
      9.644472122192383,
      14.162618637084961
    ],
    "files": [
      "sh0.webp"
    ]
  }
}