{
  "means": {
    "shape": [
      240100,
      3
    ],
    "dtype": "float32",
    "mins": [
      -0.4043771028518677,
      -0.3743360936641693,
      -0.2544785737991333
    ],
    "maxs": [
      0.35777053236961365,
      0.2723122239112854,
      0.18286028504371643
    ],
    "files": [
      "means_l.webp",
      "means_u.webp"
    ]
  },
  "scales": {
    "shape": [
      240100,
      3
    ],
    "dtype": "float32",
    "mins": [
      -20.0,
      -19.999998092651367,
      -19.999998092651367
    ],
    "maxs": [
      -4.3214311599731445,
      -4.3214311599731445,
      -4.3214311599731445
    ],
    "files": [
      "scales.webp"
    ]
  },
  "quats": {
    "shape": [
      240100,
      4
    ],
    "dtype": "uint8",
    "encoding": "quaternion_packed",
    "files": [
      "quats.webp"
    ]
  },
  "sh0": {
    "shape": [
      240100,
      1,
      4
    ],
    "dtype": "float32",
    "mins": [
      -7.007853984832764,
      -7.324272155761719,
      -19.999765396118164,
      -19.94310188293457
    ],
    "maxs": [
      7.43281364440918,
      7.818548679351807,
      9.423187255859375,
      15.746339797973633
    ],
    "files": [
      "sh0.webp"
    ]
  }
}