{
  "means": {
    "shape": [
      240100,
      3
    ],
    "dtype": "float32",
    "mins": [
      -0.39201679825782776,
      -0.3587822914123535,
      -0.20118916034698486
    ],
    "maxs": [
      0.37271848320961,
      0.2540822923183441,
      0.18377527594566345
    ],
    "files": [
      "means_l.webp",
      "means_u.webp"
    ]
  },
  "scales": {
    "shape": [
      240100,
      3
    ],
    "dtype": "float32",
    "mins": [
      -20.0,
      -19.999998092651367,
      -19.999998092651367
    ],
    "maxs": [
      -4.3214311599731445,
      -4.3214311599731445,
      -4.3214311599731445
    ],
    "files": [
      "scales.webp"
    ]
  },
  "quats": {
    "shape": [
      240100,
      4
    ],
    "dtype": "uint8",
    "encoding": "quaternion_packed",
    "files": [
      "quats.webp"
    ]
  },
  "sh0": {
    "shape": [
      240100,
      1,
      4
    ],
    "dtype": "float32",
    "mins": [
      -8.798347473144531,
      -7.8417158126831055,
      -19.999773025512695,
      -19.945327758789062
    ],
    "maxs": [
      6.819186210632324,
      7.688117504119873,
      10.287456512451172,
      14.282051086425781
    ],
    "files": [
      "sh0.webp"
    ]
  }
}