{
  "means": {
    "shape": [
      240100,
      3
    ],
    "dtype": "float32",
    "mins": [
      -0.3902266323566437,
      -0.39242637157440186,
      -0.24998654425144196
    ],
    "maxs": [
      0.32523781061172485,
      0.27417057752609253,
      0.18324114382266998
    ],
    "files": [
      "means_l.webp",
      "means_u.webp"
    ]
  },
  "scales": {
    "shape": [
      240100,
      3
    ],
    "dtype": "float32",
    "mins": [
      -20.0,
      -20.0,
      -19.999998092651367
    ],
    "maxs": [
      -4.3214311599731445,
      -4.3214311599731445,
      -4.3214311599731445
    ],
    "files": [
      "scales.webp"
    ]
  },
  "quats": {
    "shape": [
      240100,
      4
    ],
    "dtype": "uint8",
    "encoding": "quaternion_packed",
    "files": [
      "quats.webp"
    ]
  },
  "sh0": {
    "shape": [
      240100,
      1,
      4
    ],
    "dtype": "float32",
    "mins": [
      -7.489643573760986,
      -7.905029773712158,
      -19.999916076660156,
      -19.961774826049805
    ],
    "maxs": [
      7.892167091369629,
      8.923641204833984,
      10.281630516052246,
      15.739681243896484
    ],
    "files": [
      "sh0.webp"
    ]
  }
}