{
  "means": {
    "shape": [
      240100,
      3
    ],
    "dtype": "float32",
    "mins": [
      -0.389312744140625,
      -0.3625562787055969,
      -0.18385834991931915
    ],
    "maxs": [
      0.37546125054359436,
      0.2614086866378784,
      0.2169187068939209
    ],
    "files": [
      "means_l.webp",
      "means_u.webp"
    ]
  },
  "scales": {
    "shape": [
      240100,
      3
    ],
    "dtype": "float32",
    "mins": [
      -20.0,
      -20.0,
      -19.999996185302734
    ],
    "maxs": [
      -4.3214311599731445,
      -4.3214311599731445,
      -4.3214311599731445
    ],
    "files": [
      "scales.webp"
    ]
  },
  "quats": {
    "shape": [
      240100,
      4
    ],
    "dtype": "uint8",
    "encoding": "quaternion_packed",
    "files": [
      "quats.webp"
    ]
  },
  "sh0": {
    "shape": [
      240100,
      1,
      4
    ],
    "dtype": "float32",
    "mins": [
      -8.488377571105957,
      -7.478529930114746,
      -19.999794006347656,
      -19.9439754486084
    ],
    "maxs": [
      6.827256202697754,
      8.143586158752441,
      10.61442756652832,
      14.370538711547852
    ],
    "files": [
      "sh0.webp"
    ]
  }
}