{
  "means": {
    "shape": [
      240100,
      3
    ],
    "dtype": "float32",
    "mins": [
      -0.3869539797306061,
      -0.3749227523803711,
      -0.26157110929489136
    ],
    "maxs": [
      0.3548131585121155,
      0.2980564534664154,
      0.1851208209991455
    ],
    "files": [
      "means_l.webp",
      "means_u.webp"
    ]
  },
  "scales": {
    "shape": [
      240100,
      3
    ],
    "dtype": "float32",
    "mins": [
      -20.0,
      -20.0,
      -19.999996185302734
    ],
    "maxs": [
      -4.3214311599731445,
      -4.3214311599731445,
      -4.3214311599731445
    ],
    "files": [
      "scales.webp"
    ]
  },
  "quats": {
    "shape": [
      240100,
      4
    ],
    "dtype": "uint8",
    "encoding": "quaternion_packed",
    "files": [
      "quats.webp"
    ]
  },
  "sh0": {
    "shape": [
      240100,
      1,
      4
    ],
    "dtype": "float32",
    "mins": [
      -7.837182998657227,
      -7.378106117248535,
      -19.999813079833984,
      -19.95174217224121
    ],
    "maxs": [
      6.934545516967773,
      7.178234100341797,
      9.465036392211914,
      15.741010665893555
    ],
    "files": [
      "sh0.webp"
    ]
  }
}