{
  "means": {
    "shape": [
      240100,
      3
    ],
    "dtype": "float32",
    "mins": [
      -0.4041197896003723,
      -0.37290501594543457,
      -0.27546414732933044
    ],
    "maxs": [
      0.3789680004119873,
      0.2835467755794525,
      0.1837352067232132
    ],
    "files": [
      "means_l.webp",
      "means_u.webp"
    ]
  },
  "scales": {
    "shape": [
      240100,
      3
    ],
    "dtype": "float32",
    "mins": [
      -20.0,
      -20.0,
      -19.999998092651367
    ],
    "maxs": [
      -4.3214311599731445,
      -4.3214311599731445,
      -4.3214311599731445
    ],
    "files": [
      "scales.webp"
    ]
  },
  "quats": {
    "shape": [
      240100,
      4
    ],
    "dtype": "uint8",
    "encoding": "quaternion_packed",
    "files": [
      "quats.webp"
    ]
  },
  "sh0": {
    "shape": [
      240100,
      1,
      4
    ],
    "dtype": "float32",
    "mins": [
      -7.838976860046387,
      -7.248542308807373,
      -19.999807357788086,
      -19.954374313354492
    ],
    "maxs": [
      7.174139976501465,
      7.335291862487793,
      9.086044311523438,
      15.347561836242676
    ],
    "files": [
      "sh0.webp"
    ]
  }
}