{
  "means": {
    "shape": [
      240100,
      3
    ],
    "dtype": "float32",
    "mins": [
      -0.36549311876296997,
      -0.3904956877231598,
      -0.23397952318191528
    ],
    "maxs": [
      0.34944429993629456,
      0.2849285900592804,
      0.1841767281293869
    ],
    "files": [
      "means_l.webp",
      "means_u.webp"
    ]
  },
  "scales": {
    "shape": [
      240100,
      3
    ],
    "dtype": "float32",
    "mins": [
      -20.0,
      -20.0,
      -19.999996185302734
    ],
    "maxs": [
      -4.3214311599731445,
      -4.3214311599731445,
      -4.3214311599731445
    ],
    "files": [
      "scales.webp"
    ]
  },
  "quats": {
    "shape": [
      240100,
      4
    ],
    "dtype": "uint8",
    "encoding": "quaternion_packed",
    "files": [
      "quats.webp"
    ]
  },
  "sh0": {
    "shape": [
      240100,
      1,
      4
    ],
    "dtype": "float32",
    "mins": [
      -7.699480056762695,
      -7.394365310668945,
      -19.999805450439453,
      -19.943939208984375
    ],
    "maxs": [
      7.0113749504089355,
      6.922891616821289,
      9.195348739624023,
      15.890474319458008
    ],
    "files": [
      "sh0.webp"
    ]
  }
}