{
  "means": {
    "shape": [
      240100,
      3
    ],
    "dtype": "float32",
    "mins": [
      -0.3486080467700958,
      -0.39349377155303955,
      -0.21893680095672607
    ],
    "maxs": [
      0.34731996059417725,
      0.2846229374408722,
      0.18413598835468292
    ],
    "files": [
      "means_l.webp",
      "means_u.webp"
    ]
  },
  "scales": {
    "shape": [
      240100,
      3
    ],
    "dtype": "float32",
    "mins": [
      -20.0,
      -20.0,
      -19.999996185302734
    ],
    "maxs": [
      -4.3214311599731445,
      -4.3214311599731445,
      -4.3214311599731445
    ],
    "files": [
      "scales.webp"
    ]
  },
  "quats": {
    "shape": [
      240100,
      4
    ],
    "dtype": "uint8",
    "encoding": "quaternion_packed",
    "files": [
      "quats.webp"
    ]
  },
  "sh0": {
    "shape": [
      240100,
      1,
      4
    ],
    "dtype": "float32",
    "mins": [
      -7.816165924072266,
      -7.465498447418213,
      -19.999792098999023,
      -19.942096710205078
    ],
    "maxs": [
      7.093543529510498,
      6.851841926574707,
      9.585247993469238,
      15.689387321472168
    ],
    "files": [
      "sh0.webp"
    ]
  }
}