{
  "means": {
    "shape": [
      240100,
      3
    ],
    "dtype": "float32",
    "mins": [
      -0.39483433961868286,
      -0.3915042579174042,
      -0.27174460887908936
    ],
    "maxs": [
      0.333535373210907,
      0.26761114597320557,
      0.18153686821460724
    ],
    "files": [
      "means_l.webp",
      "means_u.webp"
    ]
  },
  "scales": {
    "shape": [
      240100,
      3
    ],
    "dtype": "float32",
    "mins": [
      -20.0,
      -20.0,
      -19.999998092651367
    ],
    "maxs": [
      -4.3214311599731445,
      -4.3214311599731445,
      -4.3214311599731445
    ],
    "files": [
      "scales.webp"
    ]
  },
  "quats": {
    "shape": [
      240100,
      4
    ],
    "dtype": "uint8",
    "encoding": "quaternion_packed",
    "files": [
      "quats.webp"
    ]
  },
  "sh0": {
    "shape": [
      240100,
      1,
      4
    ],
    "dtype": "float32",
    "mins": [
      -7.463294982910156,
      -7.5582051277160645,
      -19.999845504760742,
      -19.945152282714844
    ],
    "maxs": [
      7.593155860900879,
      7.911022186279297,
      9.164013862609863,
      15.87763786315918
    ],
    "files": [
      "sh0.webp"
    ]
  }
}