{
  "means": {
    "shape": [
      240100,
      3
    ],
    "dtype": "float32",
    "mins": [
      -0.3864983022212982,
      -0.376667320728302,
      -0.19491760432720184
    ],
    "maxs": [
      0.3607827425003052,
      0.2659270167350769,
      0.1844720095396042
    ],
    "files": [
      "means_l.webp",
      "means_u.webp"
    ]
  },
  "scales": {
    "shape": [
      240100,
      3
    ],
    "dtype": "float32",
    "mins": [
      -20.0,
      -20.0,
      -19.999998092651367
    ],
    "maxs": [
      -4.3214311599731445,
      -4.3214311599731445,
      -4.3214311599731445
    ],
    "files": [
      "scales.webp"
    ]
  },
  "quats": {
    "shape": [
      240100,
      4
    ],
    "dtype": "uint8",
    "encoding": "quaternion_packed",
    "files": [
      "quats.webp"
    ]
  },
  "sh0": {
    "shape": [
      240100,
      1,
      4
    ],
    "dtype": "float32",
    "mins": [
      -7.377414226531982,
      -7.74170446395874,
      -19.999906539916992,
      -19.96062469482422
    ],
    "maxs": [
      7.572052478790283,
      7.922098636627197,
      10.222386360168457,
      15.659770011901855
    ],
    "files": [
      "sh0.webp"
    ]
  }
}