{
  "means": {
    "shape": [
      240100,
      3
    ],
    "dtype": "float32",
    "mins": [
      -0.37390658259391785,
      -0.3865210711956024,
      -0.21220959722995758
    ],
    "maxs": [
      0.3398074209690094,
      0.2778220772743225,
      0.18556013703346252
    ],
    "files": [
      "means_l.webp",
      "means_u.webp"
    ]
  },
  "scales": {
    "shape": [
      240100,
      3
    ],
    "dtype": "float32",
    "mins": [
      -20.0,
      -20.0,
      -19.999996185302734
    ],
    "maxs": [
      -4.3214311599731445,
      -4.3214311599731445,
      -4.3214311599731445
    ],
    "files": [
      "scales.webp"
    ]
  },
  "quats": {
    "shape": [
      240100,
      4
    ],
    "dtype": "uint8",
    "encoding": "quaternion_packed",
    "files": [
      "quats.webp"
    ]
  },
  "sh0": {
    "shape": [
      240100,
      1,
      4
    ],
    "dtype": "float32",
    "mins": [
      -7.609675407409668,
      -7.326533794403076,
      -19.999784469604492,
      -19.93927001953125
    ],
    "maxs": [
      7.094785690307617,
      7.624545097351074,
      9.820898056030273,
      15.138310432434082
    ],
    "files": [
      "sh0.webp"
    ]
  }
}