{
  "means": {
    "shape": [
      240100,
      3
    ],
    "dtype": "float32",
    "mins": [
      -0.35581257939338684,
      -0.38254016637802124,
      -0.21255886554718018
    ],
    "maxs": [
      0.3447849750518799,
      0.28017494082450867,
      0.18567444384098053
    ],
    "files": [
      "means_l.webp",
      "means_u.webp"
    ]
  },
  "scales": {
    "shape": [
      240100,
      3
    ],
    "dtype": "float32",
    "mins": [
      -20.0,
      -20.0,
      -19.999998092651367
    ],
    "maxs": [
      -4.3214311599731445,
      -4.3214311599731445,
      -4.3214311599731445
    ],
    "files": [
      "scales.webp"
    ]
  },
  "quats": {
    "shape": [
      240100,
      4
    ],
    "dtype": "uint8",
    "encoding": "quaternion_packed",
    "files": [
      "quats.webp"
    ]
  },
  "sh0": {
    "shape": [
      240100,
      1,
      4
    ],
    "dtype": "float32",
    "mins": [
      -8.260470390319824,
      -7.576087951660156,
      -19.999839782714844,
      -19.951231002807617
    ],
    "maxs": [
      7.453512191772461,
      7.134416103363037,
      10.169272422790527,
      15.023006439208984
    ],
    "files": [
      "sh0.webp"
    ]
  }
}