{
  "means": {
    "shape": [
      240100,
      3
    ],
    "dtype": "float32",
    "mins": [
      -0.38682863116264343,
      -0.37746867537498474,
      -0.26017653942108154
    ],
    "maxs": [
      0.3568068742752075,
      0.2931036055088043,
      0.1837536096572876
    ],
    "files": [
      "means_l.webp",
      "means_u.webp"
    ]
  },
  "scales": {
    "shape": [
      240100,
      3
    ],
    "dtype": "float32",
    "mins": [
      -20.0,
      -20.0,
      -19.999998092651367
    ],
    "maxs": [
      -4.3214311599731445,
      -4.3214311599731445,
      -4.3214311599731445
    ],
    "files": [
      "scales.webp"
    ]
  },
  "quats": {
    "shape": [
      240100,
      4
    ],
    "dtype": "uint8",
    "encoding": "quaternion_packed",
    "files": [
      "quats.webp"
    ]
  },
  "sh0": {
    "shape": [
      240100,
      1,
      4
    ],
    "dtype": "float32",
    "mins": [
      -7.853723049163818,
      -7.37580680847168,
      -19.99983024597168,
      -19.95396614074707
    ],
    "maxs": [
      7.049983978271484,
      7.018878936767578,
      9.142066955566406,
      15.901955604553223
    ],
    "files": [
      "sh0.webp"
    ]
  }
}