{
  "means": {
    "shape": [
      240100,
      3
    ],
    "dtype": "float32",
    "mins": [
      -0.3902522921562195,
      -0.3797576427459717,
      -0.25142762064933777
    ],
    "maxs": [
      0.3393988609313965,
      0.2713082730770111,
      0.18135474622249603
    ],
    "files": [
      "means_l.webp",
      "means_u.webp"
    ]
  },
  "scales": {
    "shape": [
      240100,
      3
    ],
    "dtype": "float32",
    "mins": [
      -20.0,
      -20.0,
      -19.999998092651367
    ],
    "maxs": [
      -4.3214311599731445,
      -4.3214311599731445,
      -4.3214311599731445
    ],
    "files": [
      "scales.webp"
    ]
  },
  "quats": {
    "shape": [
      240100,
      4
    ],
    "dtype": "uint8",
    "encoding": "quaternion_packed",
    "files": [
      "quats.webp"
    ]
  },
  "sh0": {
    "shape": [
      240100,
      1,
      4
    ],
    "dtype": "float32",
    "mins": [
      -7.732354164123535,
      -7.949175834655762,
      -19.999927520751953,
      -19.965173721313477
    ],
    "maxs": [
      7.838037014007568,
      9.249263763427734,
      10.883393287658691,
      15.59156608581543
    ],
    "files": [
      "sh0.webp"
    ]
  }
}