{
  "means": {
    "shape": [
      240100,
      3
    ],
    "dtype": "float32",
    "mins": [
      -0.3652234673500061,
      -0.38718557357788086,
      -0.24575534462928772
    ],
    "maxs": [
      0.3447585105895996,
      0.2979855537414551,
      0.18517780303955078
    ],
    "files": [
      "means_l.webp",
      "means_u.webp"
    ]
  },
  "scales": {
    "shape": [
      240100,
      3
    ],
    "dtype": "float32",
    "mins": [
      -20.0,
      -20.0,
      -19.9999942779541
    ],
    "maxs": [
      -4.3214311599731445,
      -4.3214311599731445,
      -4.3214311599731445
    ],
    "files": [
      "scales.webp"
    ]
  },
  "quats": {
    "shape": [
      240100,
      4
    ],
    "dtype": "uint8",
    "encoding": "quaternion_packed",
    "files": [
      "quats.webp"
    ]
  },
  "sh0": {
    "shape": [
      240100,
      1,
      4
    ],
    "dtype": "float32",
    "mins": [
      -7.8429436683654785,
      -7.512070655822754,
      -19.99978256225586,
      -19.945741653442383
    ],
    "maxs": [
      6.756723403930664,
      6.614032745361328,
      9.514683723449707,
      15.744560241699219
    ],
    "files": [
      "sh0.webp"
    ]
  }
}