{
  "means": {
    "shape": [
      240100,
      3
    ],
    "dtype": "float32",
    "mins": [
      -0.39076685905456543,
      -0.396635502576828,
      -0.25545090436935425
    ],
    "maxs": [
      0.32277801632881165,
      0.2762519121170044,
      0.18403512239456177
    ],
    "files": [
      "means_l.webp",
      "means_u.webp"
    ]
  },
  "scales": {
    "shape": [
      240100,
      3
    ],
    "dtype": "float32",
    "mins": [
      -20.0,
      -20.0,
      -19.999998092651367
    ],
    "maxs": [
      -4.3214311599731445,
      -4.3214311599731445,
      -4.3214311599731445
    ],
    "files": [
      "scales.webp"
    ]
  },
  "quats": {
    "shape": [
      240100,
      4
    ],
    "dtype": "uint8",
    "encoding": "quaternion_packed",
    "files": [
      "quats.webp"
    ]
  },
  "sh0": {
    "shape": [
      240100,
      1,
      4
    ],
    "dtype": "float32",
    "mins": [
      -7.2712321281433105,
      -7.822359085083008,
      -19.9998779296875,
      -19.955347061157227
    ],
    "maxs": [
      7.605180740356445,
      8.53902816772461,
      10.047054290771484,
      15.839437484741211
    ],
    "files": [
      "sh0.webp"
    ]
  }
}