{
  "means": {
    "shape": [
      240100,
      3
    ],
    "dtype": "float32",
    "mins": [
      -0.38803407549858093,
      -0.39847421646118164,
      -0.2695535123348236
    ],
    "maxs": [
      0.3219442069530487,
      0.26741331815719604,
      0.17913587391376495
    ],
    "files": [
      "means_l.webp",
      "means_u.webp"
    ]
  },
  "scales": {
    "shape": [
      240100,
      3
    ],
    "dtype": "float32",
    "mins": [
      -20.0,
      -20.0,
      -19.999998092651367
    ],
    "maxs": [
      -4.3214311599731445,
      -4.3214311599731445,
      -4.3214311599731445
    ],
    "files": [
      "scales.webp"
    ]
  },
  "quats": {
    "shape": [
      240100,
      4
    ],
    "dtype": "uint8",
    "encoding": "quaternion_packed",
    "files": [
      "quats.webp"
    ]
  },
  "sh0": {
    "shape": [
      240100,
      1,
      4
    ],
    "dtype": "float32",
    "mins": [
      -7.543460845947266,
      -7.492488861083984,
      -19.999832153320312,
      -19.939790725708008
    ],
    "maxs": [
      7.8201751708984375,
      8.012080192565918,
      9.45194149017334,
      16.18619155883789
    ],
    "files": [
      "sh0.webp"
    ]
  }
}