{
  "means": {
    "shape": [
      240100,
      3
    ],
    "dtype": "float32",
    "mins": [
      -0.40546512603759766,
      -0.3728162944316864,
      -0.2741777002811432
    ],
    "maxs": [
      0.3634572923183441,
      0.27247005701065063,
      0.18275894224643707
    ],
    "files": [
      "means_l.webp",
      "means_u.webp"
    ]
  },
  "scales": {
    "shape": [
      240100,
      3
    ],
    "dtype": "float32",
    "mins": [
      -20.0,
      -19.999998092651367,
      -19.999996185302734
    ],
    "maxs": [
      -4.3214311599731445,
      -4.3214311599731445,
      -4.3214311599731445
    ],
    "files": [
      "scales.webp"
    ]
  },
  "quats": {
    "shape": [
      240100,
      4
    ],
    "dtype": "uint8",
    "encoding": "quaternion_packed",
    "files": [
      "quats.webp"
    ]
  },
  "sh0": {
    "shape": [
      240100,
      1,
      4
    ],
    "dtype": "float32",
    "mins": [
      -7.034582614898682,
      -7.2663469314575195,
      -19.999753952026367,
      -19.94481658935547
    ],
    "maxs": [
      7.24674129486084,
      7.561654090881348,
      9.205073356628418,
      15.769867897033691
    ],
    "files": [
      "sh0.webp"
    ]
  }
}