{
  "means": {
    "shape": [
      240100,
      3
    ],
    "dtype": "float32",
    "mins": [
      -0.38710153102874756,
      -0.38829535245895386,
      -0.2575858235359192
    ],
    "maxs": [
      0.34553006291389465,
      0.2661716938018799,
      0.18342845141887665
    ],
    "files": [
      "means_l.webp",
      "means_u.webp"
    ]
  },
  "scales": {
    "shape": [
      240100,
      3
    ],
    "dtype": "float32",
    "mins": [
      -20.0,
      -20.0,
      -19.999998092651367
    ],
    "maxs": [
      -4.3214311599731445,
      -4.3214311599731445,
      -4.3214311599731445
    ],
    "files": [
      "scales.webp"
    ]
  },
  "quats": {
    "shape": [
      240100,
      4
    ],
    "dtype": "uint8",
    "encoding": "quaternion_packed",
    "files": [
      "quats.webp"
    ]
  },
  "sh0": {
    "shape": [
      240100,
      1,
      4
    ],
    "dtype": "float32",
    "mins": [
      -7.730256080627441,
      -7.747368335723877,
      -19.999847412109375,
      -19.949132919311523
    ],
    "maxs": [
      7.2938055992126465,
      7.535134315490723,
      9.744321823120117,
      16.035953521728516
    ],
    "files": [
      "sh0.webp"
    ]
  }
}