{
  "means": {
    "shape": [
      240100,
      3
    ],
    "dtype": "float32",
    "mins": [
      -0.39632338285446167,
      -0.37126216292381287,
      -0.2589666247367859
    ],
    "maxs": [
      0.3393997848033905,
      0.2785707116127014,
      0.18082807958126068
    ],
    "files": [
      "means_l.webp",
      "means_u.webp"
    ]
  },
  "scales": {
    "shape": [
      240100,
      3
    ],
    "dtype": "float32",
    "mins": [
      -20.0,
      -20.0,
      -19.999998092651367
    ],
    "maxs": [
      -4.3214311599731445,
      -4.3214311599731445,
      -4.3214311599731445
    ],
    "files": [
      "scales.webp"
    ]
  },
  "quats": {
    "shape": [
      240100,
      4
    ],
    "dtype": "uint8",
    "encoding": "quaternion_packed",
    "files": [
      "quats.webp"
    ]
  },
  "sh0": {
    "shape": [
      240100,
      1,
      4
    ],
    "dtype": "float32",
    "mins": [
      -8.284846305847168,
      -7.868803977966309,
      -19.999927520751953,
      -19.96268081665039
    ],
    "maxs": [
      7.7861528396606445,
      9.17148208618164,
      10.84139633178711,
      15.845479965209961
    ],
    "files": [
      "sh0.webp"
    ]
  }
}