{
  "means": {
    "shape": [
      240100,
      3
    ],
    "dtype": "float32",
    "mins": [
      -0.3377220630645752,
      -0.3897504508495331,
      -0.20542596280574799
    ],
    "maxs": [
      0.35805121064186096,
      0.2696281969547272,
      0.18509963154792786
    ],
    "files": [
      "means_l.webp",
      "means_u.webp"
    ]
  },
  "scales": {
    "shape": [
      240100,
      3
    ],
    "dtype": "float32",
    "mins": [
      -20.0,
      -20.0,
      -19.999998092651367
    ],
    "maxs": [
      -4.3214311599731445,
      -4.3214311599731445,
      -4.3214311599731445
    ],
    "files": [
      "scales.webp"
    ]
  },
  "quats": {
    "shape": [
      240100,
      4
    ],
    "dtype": "uint8",
    "encoding": "quaternion_packed",
    "files": [
      "quats.webp"
    ]
  },
  "sh0": {
    "shape": [
      240100,
      1,
      4
    ],
    "dtype": "float32",
    "mins": [
      -8.339604377746582,
      -8.065799713134766,
      -19.999881744384766,
      -19.95865821838379
    ],
    "maxs": [
      7.648735046386719,
      6.609523773193359,
      10.110164642333984,
      15.004819869995117
    ],
    "files": [
      "sh0.webp"
    ]
  }
}