{
  "means": {
    "shape": [
      240100,
      3
    ],
    "dtype": "float32",
    "mins": [
      -0.3764364421367645,
      -0.3850671052932739,
      -0.1896674782037735
    ],
    "maxs": [
      0.3604621887207031,
      0.2634183168411255,
      0.18445341289043427
    ],
    "files": [
      "means_l.webp",
      "means_u.webp"
    ]
  },
  "scales": {
    "shape": [
      240100,
      3
    ],
    "dtype": "float32",
    "mins": [
      -20.0,
      -20.0,
      -19.999998092651367
    ],
    "maxs": [
      -4.3214311599731445,
      -4.3214311599731445,
      -4.3214311599731445
    ],
    "files": [
      "scales.webp"
    ]
  },
  "quats": {
    "shape": [
      240100,
      4
    ],
    "dtype": "uint8",
    "encoding": "quaternion_packed",
    "files": [
      "quats.webp"
    ]
  },
  "sh0": {
    "shape": [
      240100,
      1,
      4
    ],
    "dtype": "float32",
    "mins": [
      -7.245451927185059,
      -7.8319172859191895,
      -19.99991798400879,
      -19.9641056060791
    ],
    "maxs": [
      7.757958889007568,
      7.840354919433594,
      10.1580228805542,
      15.588939666748047
    ],
    "files": [
      "sh0.webp"
    ]
  }
}