{
  "means": {
    "shape": [
      240100,
      3
    ],
    "dtype": "float32",
    "mins": [
      -0.32277774810791016,
      -0.3888510763645172,
      -0.1912005990743637
    ],
    "maxs": [
      0.372696191072464,
      0.2815663516521454,
      0.18526099622249603
    ],
    "files": [
      "means_l.webp",
      "means_u.webp"
    ]
  },
  "scales": {
    "shape": [
      240100,
      3
    ],
    "dtype": "float32",
    "mins": [
      -20.0,
      -20.0,
      -19.999998092651367
    ],
    "maxs": [
      -4.3214311599731445,
      -4.3214311599731445,
      -4.3214311599731445
    ],
    "files": [
      "scales.webp"
    ]
  },
  "quats": {
    "shape": [
      240100,
      4
    ],
    "dtype": "uint8",
    "encoding": "quaternion_packed",
    "files": [
      "quats.webp"
    ]
  },
  "sh0": {
    "shape": [
      240100,
      1,
      4
    ],
    "dtype": "float32",
    "mins": [
      -8.814691543579102,
      -8.947044372558594,
      -19.999834060668945,
      -19.9569034576416
    ],
    "maxs": [
      7.254769325256348,
      6.4845991134643555,
      10.787841796875,
      14.073989868164062
    ],
    "files": [
      "sh0.webp"
    ]
  }
}