{
  "means": {
    "shape": [
      240100,
      3
    ],
    "dtype": "float32",
    "mins": [
      -0.33252447843551636,
      -0.39205530285835266,
      -0.2066393792629242
    ],
    "maxs": [
      0.33225396275520325,
      0.2928540110588074,
      0.18542823195457458
    ],
    "files": [
      "means_l.webp",
      "means_u.webp"
    ]
  },
  "scales": {
    "shape": [
      240100,
      3
    ],
    "dtype": "float32",
    "mins": [
      -20.0,
      -20.0,
      -19.999998092651367
    ],
    "maxs": [
      -4.3214311599731445,
      -4.3214311599731445,
      -4.3214311599731445
    ],
    "files": [
      "scales.webp"
    ]
  },
  "quats": {
    "shape": [
      240100,
      4
    ],
    "dtype": "uint8",
    "encoding": "quaternion_packed",
    "files": [
      "quats.webp"
    ]
  },
  "sh0": {
    "shape": [
      240100,
      1,
      4
    ],
    "dtype": "float32",
    "mins": [
      -8.504663467407227,
      -7.459599494934082,
      -19.999847412109375,
      -19.94973373413086
    ],
    "maxs": [
      7.354610443115234,
      7.031988620758057,
      9.97663402557373,
      15.548696517944336
    ],
    "files": [
      "sh0.webp"
    ]
  }
}