{
  "means": {
    "shape": [
      240100,
      3
    ],
    "dtype": "float32",
    "mins": [
      -0.40546512603759766,
      -0.36041149497032166,
      -0.2747478485107422
    ],
    "maxs": [
      0.3721476197242737,
      0.28762397170066833,
      0.18621470034122467
    ],
    "files": [
      "means_l.webp",
      "means_u.webp"
    ]
  },
  "scales": {
    "shape": [
      240100,
      3
    ],
    "dtype": "float32",
    "mins": [
      -20.0,
      -20.0,
      -19.999998092651367
    ],
    "maxs": [
      -4.3214311599731445,
      -4.3214311599731445,
      -4.3214311599731445
    ],
    "files": [
      "scales.webp"
    ]
  },
  "quats": {
    "shape": [
      240100,
      4
    ],
    "dtype": "uint8",
    "encoding": "quaternion_packed",
    "files": [
      "quats.webp"
    ]
  },
  "sh0": {
    "shape": [
      240100,
      1,
      4
    ],
    "dtype": "float32",
    "mins": [
      -7.915616512298584,
      -7.463993072509766,
      -19.999847412109375,
      -19.953899383544922
    ],
    "maxs": [
      6.9494242668151855,
      7.666954040527344,
      10.363818168640137,
      15.030550956726074
    ],
    "files": [
      "sh0.webp"
    ]
  }
}