{
  "means": {
    "shape": [
      240100,
      3
    ],
    "dtype": "float32",
    "mins": [
      -0.38521334528923035,
      -0.3689384162425995,
      -0.25021812319755554
    ],
    "maxs": [
      0.352201908826828,
      0.29765623807907104,
      0.189340278506279
    ],
    "files": [
      "means_l.webp",
      "means_u.webp"
    ]
  },
  "scales": {
    "shape": [
      240100,
      3
    ],
    "dtype": "float32",
    "mins": [
      -20.0,
      -20.0,
      -19.9999942779541
    ],
    "maxs": [
      -4.3214311599731445,
      -4.3214311599731445,
      -4.3214311599731445
    ],
    "files": [
      "scales.webp"
    ]
  },
  "quats": {
    "shape": [
      240100,
      4
    ],
    "dtype": "uint8",
    "encoding": "quaternion_packed",
    "files": [
      "quats.webp"
    ]
  },
  "sh0": {
    "shape": [
      240100,
      1,
      4
    ],
    "dtype": "float32",
    "mins": [
      -7.787151336669922,
      -8.053298950195312,
      -19.99962043762207,
      -19.94158363342285
    ],
    "maxs": [
      7.048636436462402,
      6.868813514709473,
      10.019135475158691,
      14.803943634033203
    ],
    "files": [
      "sh0.webp"
    ]
  }
}