{
  "means": {
    "shape": [
      240100,
      3
    ],
    "dtype": "float32",
    "mins": [
      -0.3935334384441376,
      -0.37605446577072144,
      -0.2602187693119049
    ],
    "maxs": [
      0.3589330315589905,
      0.2789900600910187,
      0.1835842877626419
    ],
    "files": [
      "means_l.webp",
      "means_u.webp"
    ]
  },
  "scales": {
    "shape": [
      240100,
      3
    ],
    "dtype": "float32",
    "mins": [
      -20.0,
      -20.0,
      -19.999998092651367
    ],
    "maxs": [
      -4.3214311599731445,
      -4.3214311599731445,
      -4.3214311599731445
    ],
    "files": [
      "scales.webp"
    ]
  },
  "quats": {
    "shape": [
      240100,
      4
    ],
    "dtype": "uint8",
    "encoding": "quaternion_packed",
    "files": [
      "quats.webp"
    ]
  },
  "sh0": {
    "shape": [
      240100,
      1,
      4
    ],
    "dtype": "float32",
    "mins": [
      -7.612643718719482,
      -7.289903163909912,
      -19.999814987182617,
      -19.952238082885742
    ],
    "maxs": [
      7.117342472076416,
      7.1170654296875,
      9.243038177490234,
      15.915936470031738
    ],
    "files": [
      "sh0.webp"
    ]
  }
}