{
  "means": {
    "shape": [
      240100,
      3
    ],
    "dtype": "float32",
    "mins": [
      -0.35294046998023987,
      -0.38601475954055786,
      -0.21134231984615326
    ],
    "maxs": [
      0.330562025308609,
      0.29091206192970276,
      0.18561305105686188
    ],
    "files": [
      "means_l.webp",
      "means_u.webp"
    ]
  },
  "scales": {
    "shape": [
      240100,
      3
    ],
    "dtype": "float32",
    "mins": [
      -20.0,
      -20.0,
      -19.999998092651367
    ],
    "maxs": [
      -4.3214311599731445,
      -4.3214311599731445,
      -4.3214311599731445
    ],
    "files": [
      "scales.webp"
    ]
  },
  "quats": {
    "shape": [
      240100,
      4
    ],
    "dtype": "uint8",
    "encoding": "quaternion_packed",
    "files": [
      "quats.webp"
    ]
  },
  "sh0": {
    "shape": [
      240100,
      1,
      4
    ],
    "dtype": "float32",
    "mins": [
      -8.548291206359863,
      -7.277924537658691,
      -19.999835968017578,
      -19.947765350341797
    ],
    "maxs": [
      7.198358058929443,
      7.4774675369262695,
      10.031465530395508,
      15.370466232299805
    ],
    "files": [
      "sh0.webp"
    ]
  }
}