{
  "means": {
    "shape": [
      240100,
      3
    ],
    "dtype": "float32",
    "mins": [
      -0.352038711309433,
      -0.3885303735733032,
      -0.2200220227241516
    ],
    "maxs": [
      0.32216987013816833,
      0.29179438948631287,
      0.1872125267982483
    ],
    "files": [
      "means_l.webp",
      "means_u.webp"
    ]
  },
  "scales": {
    "shape": [
      240100,
      3
    ],
    "dtype": "float32",
    "mins": [
      -20.0,
      -20.0,
      -19.999998092651367
    ],
    "maxs": [
      -4.3214311599731445,
      -4.3214311599731445,
      -4.3214311599731445
    ],
    "files": [
      "scales.webp"
    ]
  },
  "quats": {
    "shape": [
      240100,
      4
    ],
    "dtype": "uint8",
    "encoding": "quaternion_packed",
    "files": [
      "quats.webp"
    ]
  },
  "sh0": {
    "shape": [
      240100,
      1,
      4
    ],
    "dtype": "float32",
    "mins": [
      -8.26722240447998,
      -7.2480926513671875,
      -19.99979019165039,
      -19.943941116333008
    ],
    "maxs": [
      7.601480007171631,
      7.605844497680664,
      10.209375381469727,
      15.276265144348145
    ],
    "files": [
      "sh0.webp"
    ]
  }
}