{
  "means": {
    "shape": [
      240100,
      3
    ],
    "dtype": "float32",
    "mins": [
      -0.3861338198184967,
      -0.38100457191467285,
      -0.256246417760849
    ],
    "maxs": [
      0.3549886643886566,
      0.282209187746048,
      0.18390490114688873
    ],
    "files": [
      "means_l.webp",
      "means_u.webp"
    ]
  },
  "scales": {
    "shape": [
      240100,
      3
    ],
    "dtype": "float32",
    "mins": [
      -20.0,
      -20.0,
      -19.999996185302734
    ],
    "maxs": [
      -4.3214311599731445,
      -4.3214311599731445,
      -4.3214311599731445
    ],
    "files": [
      "scales.webp"
    ]
  },
  "quats": {
    "shape": [
      240100,
      4
    ],
    "dtype": "uint8",
    "encoding": "quaternion_packed",
    "files": [
      "quats.webp"
    ]
  },
  "sh0": {
    "shape": [
      240100,
      1,
      4
    ],
    "dtype": "float32",
    "mins": [
      -7.647037982940674,
      -7.351070404052734,
      -19.999835968017578,
      -19.95089340209961
    ],
    "maxs": [
      7.113798141479492,
      7.101163864135742,
      9.326139450073242,
      15.969287872314453
    ],
    "files": [
      "sh0.webp"
    ]
  }
}