{
  "means": {
    "shape": [
      240100,
      3
    ],
    "dtype": "float32",
    "mins": [
      -0.3241032660007477,
      -0.38911598920822144,
      -0.19495078921318054
    ],
    "maxs": [
      0.3687865734100342,
      0.28193750977516174,
      0.18557283282279968
    ],
    "files": [
      "means_l.webp",
      "means_u.webp"
    ]
  },
  "scales": {
    "shape": [
      240100,
      3
    ],
    "dtype": "float32",
    "mins": [
      -20.0,
      -20.0,
      -19.999998092651367
    ],
    "maxs": [
      -4.3214311599731445,
      -4.3214311599731445,
      -4.3214311599731445
    ],
    "files": [
      "scales.webp"
    ]
  },
  "quats": {
    "shape": [
      240100,
      4
    ],
    "dtype": "uint8",
    "encoding": "quaternion_packed",
    "files": [
      "quats.webp"
    ]
  },
  "sh0": {
    "shape": [
      240100,
      1,
      4
    ],
    "dtype": "float32",
    "mins": [
      -8.822164535522461,
      -8.71285629272461,
      -19.99984359741211,
      -19.959707260131836
    ],
    "maxs": [
      7.334414005279541,
      6.4360785484313965,
      10.391980171203613,
      14.27924633026123
    ],
    "files": [
      "sh0.webp"
    ]
  }
}