{
  "means": {
    "shape": [
      240100,
      3
    ],
    "dtype": "float32",
    "mins": [
      -0.33085981011390686,
      -0.3893778622150421,
      -0.19585251808166504
    ],
    "maxs": [
      0.367739200592041,
      0.27307993173599243,
      0.18544726073741913
    ],
    "files": [
      "means_l.webp",
      "means_u.webp"
    ]
  },
  "scales": {
    "shape": [
      240100,
      3
    ],
    "dtype": "float32",
    "mins": [
      -20.0,
      -20.0,
      -19.999998092651367
    ],
    "maxs": [
      -4.3214311599731445,
      -4.3214311599731445,
      -4.3214311599731445
    ],
    "files": [
      "scales.webp"
    ]
  },
  "quats": {
    "shape": [
      240100,
      4
    ],
    "dtype": "uint8",
    "encoding": "quaternion_packed",
    "files": [
      "quats.webp"
    ]
  },
  "sh0": {
    "shape": [
      240100,
      1,
      4
    ],
    "dtype": "float32",
    "mins": [
      -8.91135025024414,
      -8.510493278503418,
      -19.999893188476562,
      -19.960765838623047
    ],
    "maxs": [
      7.57487678527832,
      6.634286880493164,
      10.381312370300293,
      14.500682830810547
    ],
    "files": [
      "sh0.webp"
    ]
  }
}