{
  "means": {
    "shape": [
      240100,
      3
    ],
    "dtype": "float32",
    "mins": [
      -0.3685134947299957,
      -0.3940156400203705,
      -0.23477646708488464
    ],
    "maxs": [
      0.3312947750091553,
      0.26294463872909546,
      0.17890585958957672
    ],
    "files": [
      "means_l.webp",
      "means_u.webp"
    ]
  },
  "scales": {
    "shape": [
      240100,
      3
    ],
    "dtype": "float32",
    "mins": [
      -20.0,
      -20.0,
      -19.999998092651367
    ],
    "maxs": [
      -4.3214311599731445,
      -4.3214311599731445,
      -4.3214311599731445
    ],
    "files": [
      "scales.webp"
    ]
  },
  "quats": {
    "shape": [
      240100,
      4
    ],
    "dtype": "uint8",
    "encoding": "quaternion_packed",
    "files": [
      "quats.webp"
    ]
  },
  "sh0": {
    "shape": [
      240100,
      1,
      4
    ],
    "dtype": "float32",
    "mins": [
      -8.088174819946289,
      -7.790523529052734,
      -19.999902725219727,
      -19.950525283813477
    ],
    "maxs": [
      7.88641357421875,
      7.526873588562012,
      9.27375602722168,
      16.325353622436523
    ],
    "files": [
      "sh0.webp"
    ]
  }
}