{
  "means": {
    "shape": [
      240100,
      3
    ],
    "dtype": "float32",
    "mins": [
      -0.3380371332168579,
      -0.38757869601249695,
      -0.1997942328453064
    ],
    "maxs": [
      0.35511213541030884,
      0.27699002623558044,
      0.18524083495140076
    ],
    "files": [
      "means_l.webp",
      "means_u.webp"
    ]
  },
  "scales": {
    "shape": [
      240100,
      3
    ],
    "dtype": "float32",
    "mins": [
      -20.0,
      -20.0,
      -19.999998092651367
    ],
    "maxs": [
      -4.3214311599731445,
      -4.3214311599731445,
      -4.3214311599731445
    ],
    "files": [
      "scales.webp"
    ]
  },
  "quats": {
    "shape": [
      240100,
      4
    ],
    "dtype": "uint8",
    "encoding": "quaternion_packed",
    "files": [
      "quats.webp"
    ]
  },
  "sh0": {
    "shape": [
      240100,
      1,
      4
    ],
    "dtype": "float32",
    "mins": [
      -8.372657775878906,
      -8.197627067565918,
      -19.99984359741211,
      -19.953649520874023
    ],
    "maxs": [
      7.546297073364258,
      6.526776313781738,
      10.177193641662598,
      14.889200210571289
    ],
    "files": [
      "sh0.webp"
    ]
  }
}