{
  "means": {
    "shape": [
      240100,
      3
    ],
    "dtype": "float32",
    "mins": [
      -0.38788747787475586,
      -0.3945048451423645,
      -0.26597723364830017
    ],
    "maxs": [
      0.3176085352897644,
      0.26828211545944214,
      0.17870928347110748
    ],
    "files": [
      "means_l.webp",
      "means_u.webp"
    ]
  },
  "scales": {
    "shape": [
      240100,
      3
    ],
    "dtype": "float32",
    "mins": [
      -20.0,
      -20.0,
      -19.999998092651367
    ],
    "maxs": [
      -4.3214311599731445,
      -4.3214311599731445,
      -4.3214311599731445
    ],
    "files": [
      "scales.webp"
    ]
  },
  "quats": {
    "shape": [
      240100,
      4
    ],
    "dtype": "uint8",
    "encoding": "quaternion_packed",
    "files": [
      "quats.webp"
    ]
  },
  "sh0": {
    "shape": [
      240100,
      1,
      4
    ],
    "dtype": "float32",
    "mins": [
      -7.65317440032959,
      -7.69097900390625,
      -19.9998722076416,
      -19.951913833618164
    ],
    "maxs": [
      7.810563564300537,
      8.722936630249023,
      10.2451810836792,
      16.242416381835938
    ],
    "files": [
      "sh0.webp"
    ]
  }
}