{
  "means": {
    "shape": [
      240100,
      3
    ],
    "dtype": "float32",
    "mins": [
      -0.40546512603759766,
      -0.3641229271888733,
      -0.270028293132782
    ],
    "maxs": [
      0.38181501626968384,
      0.2834101915359497,
      0.18379536271095276
    ],
    "files": [
      "means_l.webp",
      "means_u.webp"
    ]
  },
  "scales": {
    "shape": [
      240100,
      3
    ],
    "dtype": "float32",
    "mins": [
      -20.0,
      -20.0,
      -19.999996185302734
    ],
    "maxs": [
      -4.3214311599731445,
      -4.3214311599731445,
      -4.3214311599731445
    ],
    "files": [
      "scales.webp"
    ]
  },
  "quats": {
    "shape": [
      240100,
      4
    ],
    "dtype": "uint8",
    "encoding": "quaternion_packed",
    "files": [
      "quats.webp"
    ]
  },
  "sh0": {
    "shape": [
      240100,
      1,
      4
    ],
    "dtype": "float32",
    "mins": [
      -7.227010250091553,
      -7.23858118057251,
      -19.999774932861328,
      -19.94791030883789
    ],
    "maxs": [
      7.062498092651367,
      7.5743608474731445,
      9.47411823272705,
      15.208986282348633
    ],
    "files": [
      "sh0.webp"
    ]
  }
}