{
  "means": {
    "shape": [
      240100,
      3
    ],
    "dtype": "float32",
    "mins": [
      -0.39890071749687195,
      -0.3770519495010376,
      -0.2734663486480713
    ],
    "maxs": [
      0.356954425573349,
      0.27097222208976746,
      0.1831081509590149
    ],
    "files": [
      "means_l.webp",
      "means_u.webp"
    ]
  },
  "scales": {
    "shape": [
      240100,
      3
    ],
    "dtype": "float32",
    "mins": [
      -20.0,
      -20.0,
      -19.999996185302734
    ],
    "maxs": [
      -4.3214311599731445,
      -4.3214311599731445,
      -4.3214311599731445
    ],
    "files": [
      "scales.webp"
    ]
  },
  "quats": {
    "shape": [
      240100,
      4
    ],
    "dtype": "uint8",
    "encoding": "quaternion_packed",
    "files": [
      "quats.webp"
    ]
  },
  "sh0": {
    "shape": [
      240100,
      1,
      4
    ],
    "dtype": "float32",
    "mins": [
      -7.314314842224121,
      -7.2797956466674805,
      -19.99980354309082,
      -19.948122024536133
    ],
    "maxs": [
      7.159951210021973,
      7.391599655151367,
      9.359177589416504,
      15.971250534057617
    ],
    "files": [
      "sh0.webp"
    ]
  }
}