{
  "means": {
    "shape": [
      240100,
      3
    ],
    "dtype": "float32",
    "mins": [
      -0.3859166204929352,
      -0.36716416478157043,
      -0.16711169481277466
    ],
    "maxs": [
      0.3779473304748535,
      0.27726325392723083,
      0.2513653039932251
    ],
    "files": [
      "means_l.webp",
      "means_u.webp"
    ]
  },
  "scales": {
    "shape": [
      240100,
      3
    ],
    "dtype": "float32",
    "mins": [
      -20.0,
      -19.999998092651367,
      -19.999996185302734
    ],
    "maxs": [
      -4.3214311599731445,
      -4.3214311599731445,
      -4.3214311599731445
    ],
    "files": [
      "scales.webp"
    ]
  },
  "quats": {
    "shape": [
      240100,
      4
    ],
    "dtype": "uint8",
    "encoding": "quaternion_packed",
    "files": [
      "quats.webp"
    ]
  },
  "sh0": {
    "shape": [
      240100,
      1,
      4
    ],
    "dtype": "float32",
    "mins": [
      -8.188641548156738,
      -7.605305194854736,
      -19.999797821044922,
      -19.941165924072266
    ],
    "maxs": [
      7.183653831481934,
      8.039587020874023,
      10.621992111206055,
      14.406478881835938
    ],
    "files": [
      "sh0.webp"
    ]
  }
}