{
  "means": {
    "shape": [
      240100,
      3
    ],
    "dtype": "float32",
    "mins": [
      -0.3819834291934967,
      -0.37148475646972656,
      -0.1703878790140152
    ],
    "maxs": [
      0.3777189552783966,
      0.2884489595890045,
      0.2582800090312958
    ],
    "files": [
      "means_l.webp",
      "means_u.webp"
    ]
  },
  "scales": {
    "shape": [
      240100,
      3
    ],
    "dtype": "float32",
    "mins": [
      -20.0,
      -19.999998092651367,
      -19.999996185302734
    ],
    "maxs": [
      -4.3214311599731445,
      -4.3214311599731445,
      -4.3214311599731445
    ],
    "files": [
      "scales.webp"
    ]
  },
  "quats": {
    "shape": [
      240100,
      4
    ],
    "dtype": "uint8",
    "encoding": "quaternion_packed",
    "files": [
      "quats.webp"
    ]
  },
  "sh0": {
    "shape": [
      240100,
      1,
      4
    ],
    "dtype": "float32",
    "mins": [
      -8.125112533569336,
      -7.988176345825195,
      -19.99976921081543,
      -19.937808990478516
    ],
    "maxs": [
      7.184539318084717,
      7.598812103271484,
      10.685434341430664,
      14.49150562286377
    ],
    "files": [
      "sh0.webp"
    ]
  }
}