{
  "means": {
    "shape": [
      240100,
      3
    ],
    "dtype": "float32",
    "mins": [
      -0.35906529426574707,
      -0.38351041078567505,
      -0.21384967863559723
    ],
    "maxs": [
      0.34441670775413513,
      0.29102441668510437,
      0.1885972023010254
    ],
    "files": [
      "means_l.webp",
      "means_u.webp"
    ]
  },
  "scales": {
    "shape": [
      240100,
      3
    ],
    "dtype": "float32",
    "mins": [
      -20.0,
      -20.0,
      -19.999998092651367
    ],
    "maxs": [
      -4.3214311599731445,
      -4.3214311599731445,
      -4.3214311599731445
    ],
    "files": [
      "scales.webp"
    ]
  },
  "quats": {
    "shape": [
      240100,
      4
    ],
    "dtype": "uint8",
    "encoding": "quaternion_packed",
    "files": [
      "quats.webp"
    ]
  },
  "sh0": {
    "shape": [
      240100,
      1,
      4
    ],
    "dtype": "float32",
    "mins": [
      -7.576361179351807,
      -7.4799299240112305,
      -19.999778747558594,
      -19.9486083984375
    ],
    "maxs": [
      7.497997283935547,
      6.979324817657471,
      10.001755714416504,
      15.035443305969238
    ],
    "files": [
      "sh0.webp"
    ]
  }
}