{
  "means": {
    "shape": [
      240100,
      3
    ],
    "dtype": "float32",
    "mins": [
      -0.3779071569442749,
      -0.3808841407299042,
      -0.24801887571811676
    ],
    "maxs": [
      0.3491702973842621,
      0.2992508113384247,
      0.18520128726959229
    ],
    "files": [
      "means_l.webp",
      "means_u.webp"
    ]
  },
  "scales": {
    "shape": [
      240100,
      3
    ],
    "dtype": "float32",
    "mins": [
      -20.0,
      -20.0,
      -19.999996185302734
    ],
    "maxs": [
      -4.3214311599731445,
      -4.3214311599731445,
      -4.3214311599731445
    ],
    "files": [
      "scales.webp"
    ]
  },
  "quats": {
    "shape": [
      240100,
      4
    ],
    "dtype": "uint8",
    "encoding": "quaternion_packed",
    "files": [
      "quats.webp"
    ]
  },
  "sh0": {
    "shape": [
      240100,
      1,
      4
    ],
    "dtype": "float32",
    "mins": [
      -7.793241500854492,
      -7.432916164398193,
      -19.999801635742188,
      -19.946935653686523
    ],
    "maxs": [
      6.77272367477417,
      7.078547477722168,
      9.566496849060059,
      15.785694122314453
    ],
    "files": [
      "sh0.webp"
    ]
  }
}