{
  "means": {
    "shape": [
      240100,
      3
    ],
    "dtype": "float32",
    "mins": [
      -0.34816157817840576,
      -0.3878403604030609,
      -0.21631008386611938
    ],
    "maxs": [
      0.33054882287979126,
      0.3030569553375244,
      0.18905730545520782
    ],
    "files": [
      "means_l.webp",
      "means_u.webp"
    ]
  },
  "scales": {
    "shape": [
      240100,
      3
    ],
    "dtype": "float32",
    "mins": [
      -20.0,
      -20.0,
      -19.999998092651367
    ],
    "maxs": [
      -4.3214311599731445,
      -4.3214311599731445,
      -4.3214311599731445
    ],
    "files": [
      "scales.webp"
    ]
  },
  "quats": {
    "shape": [
      240100,
      4
    ],
    "dtype": "uint8",
    "encoding": "quaternion_packed",
    "files": [
      "quats.webp"
    ]
  },
  "sh0": {
    "shape": [
      240100,
      1,
      4
    ],
    "dtype": "float32",
    "mins": [
      -8.047590255737305,
      -7.524061679840088,
      -19.999711990356445,
      -19.945999145507812
    ],
    "maxs": [
      7.758950710296631,
      7.294775009155273,
      9.963496208190918,
      14.688089370727539
    ],
    "files": [
      "sh0.webp"
    ]
  }
}