{
  "means": {
    "shape": [
      240100,
      3
    ],
    "dtype": "float32",
    "mins": [
      -0.39386776089668274,
      -0.36809462308883667,
      -0.2719321846961975
    ],
    "maxs": [
      0.35972151160240173,
      0.29772093892097473,
      0.1864270120859146
    ],
    "files": [
      "means_l.webp",
      "means_u.webp"
    ]
  },
  "scales": {
    "shape": [
      240100,
      3
    ],
    "dtype": "float32",
    "mins": [
      -20.0,
      -20.0,
      -19.999996185302734
    ],
    "maxs": [
      -4.3214311599731445,
      -4.3214311599731445,
      -4.3214311599731445
    ],
    "files": [
      "scales.webp"
    ]
  },
  "quats": {
    "shape": [
      240100,
      4
    ],
    "dtype": "uint8",
    "encoding": "quaternion_packed",
    "files": [
      "quats.webp"
    ]
  },
  "sh0": {
    "shape": [
      240100,
      1,
      4
    ],
    "dtype": "float32",
    "mins": [
      -7.790248394012451,
      -7.404071807861328,
      -19.999805450439453,
      -19.95438003540039
    ],
    "maxs": [
      6.843793869018555,
      7.4237213134765625,
      9.740438461303711,
      15.519023895263672
    ],
    "files": [
      "sh0.webp"
    ]
  }
}