{
  "means": {
    "shape": [
      240100,
      3
    ],
    "dtype": "float32",
    "mins": [
      -0.3927936851978302,
      -0.3944711983203888,
      -0.25032368302345276
    ],
    "maxs": [
      0.3311176300048828,
      0.2852720320224762,
      0.1852201372385025
    ],
    "files": [
      "means_l.webp",
      "means_u.webp"
    ]
  },
  "scales": {
    "shape": [
      240100,
      3
    ],
    "dtype": "float32",
    "mins": [
      -20.0,
      -20.0,
      -19.999998092651367
    ],
    "maxs": [
      -4.3214311599731445,
      -4.3214311599731445,
      -4.3214311599731445
    ],
    "files": [
      "scales.webp"
    ]
  },
  "quats": {
    "shape": [
      240100,
      4
    ],
    "dtype": "uint8",
    "encoding": "quaternion_packed",
    "files": [
      "quats.webp"
    ]
  },
  "sh0": {
    "shape": [
      240100,
      1,
      4
    ],
    "dtype": "float32",
    "mins": [
      -7.425136566162109,
      -7.812106132507324,
      -19.999845504760742,
      -19.957151412963867
    ],
    "maxs": [
      7.386079788208008,
      8.458230018615723,
      10.27880573272705,
      15.898750305175781
    ],
    "files": [
      "sh0.webp"
    ]
  }
}