{
  "means": {
    "shape": [
      240100,
      3
    ],
    "dtype": "float32",
    "mins": [
      -0.3690122961997986,
      -0.3957338035106659,
      -0.22375492751598358
    ],
    "maxs": [
      0.3204999566078186,
      0.2906988859176636,
      0.1866600513458252
    ],
    "files": [
      "means_l.webp",
      "means_u.webp"
    ]
  },
  "scales": {
    "shape": [
      240100,
      3
    ],
    "dtype": "float32",
    "mins": [
      -20.0,
      -20.0,
      -19.999998092651367
    ],
    "maxs": [
      -4.3214311599731445,
      -4.3214311599731445,
      -4.3214311599731445
    ],
    "files": [
      "scales.webp"
    ]
  },
  "quats": {
    "shape": [
      240100,
      4
    ],
    "dtype": "uint8",
    "encoding": "quaternion_packed",
    "files": [
      "quats.webp"
    ]
  },
  "sh0": {
    "shape": [
      240100,
      1,
      4
    ],
    "dtype": "float32",
    "mins": [
      -8.418122291564941,
      -7.2418999671936035,
      -19.99983024597168,
      -19.946630477905273
    ],
    "maxs": [
      7.467145919799805,
      8.016769409179688,
      10.107563018798828,
      15.018795013427734
    ],
    "files": [
      "sh0.webp"
    ]
  }
}