{
  "means": {
    "shape": [
      240100,
      3
    ],
    "dtype": "float32",
    "mins": [
      -0.36824217438697815,
      -0.39237865805625916,
      -0.21907496452331543
    ],
    "maxs": [
      0.3285905122756958,
      0.286182701587677,
      0.1865418255329132
    ],
    "files": [
      "means_l.webp",
      "means_u.webp"
    ]
  },
  "scales": {
    "shape": [
      240100,
      3
    ],
    "dtype": "float32",
    "mins": [
      -20.0,
      -20.0,
      -19.999998092651367
    ],
    "maxs": [
      -4.3214311599731445,
      -4.3214311599731445,
      -4.3214311599731445
    ],
    "files": [
      "scales.webp"
    ]
  },
  "quats": {
    "shape": [
      240100,
      4
    ],
    "dtype": "uint8",
    "encoding": "quaternion_packed",
    "files": [
      "quats.webp"
    ]
  },
  "sh0": {
    "shape": [
      240100,
      1,
      4
    ],
    "dtype": "float32",
    "mins": [
      -8.411155700683594,
      -7.296691417694092,
      -19.999832153320312,
      -19.94877815246582
    ],
    "maxs": [
      7.410367012023926,
      7.772040367126465,
      10.06261920928955,
      14.882963180541992
    ],
    "files": [
      "sh0.webp"
    ]
  }
}