{
  "means": {
    "shape": [
      240100,
      3
    ],
    "dtype": "float32",
    "mins": [
      -0.32607409358024597,
      -0.39110293984413147,
      -0.21706390380859375
    ],
    "maxs": [
      0.34985673427581787,
      0.279031902551651,
      0.18458043038845062
    ],
    "files": [
      "means_l.webp",
      "means_u.webp"
    ]
  },
  "scales": {
    "shape": [
      240100,
      3
    ],
    "dtype": "float32",
    "mins": [
      -20.0,
      -20.0,
      -19.999998092651367
    ],
    "maxs": [
      -4.3214311599731445,
      -4.3214311599731445,
      -4.3214311599731445
    ],
    "files": [
      "scales.webp"
    ]
  },
  "quats": {
    "shape": [
      240100,
      4
    ],
    "dtype": "uint8",
    "encoding": "quaternion_packed",
    "files": [
      "quats.webp"
    ]
  },
  "sh0": {
    "shape": [
      240100,
      1,
      4
    ],
    "dtype": "float32",
    "mins": [
      -8.261446952819824,
      -8.184321403503418,
      -19.999845504760742,
      -19.955650329589844
    ],
    "maxs": [
      7.356409072875977,
      6.327064037322998,
      10.051929473876953,
      15.228622436523438
    ],
    "files": [
      "sh0.webp"
    ]
  }
}