{
  "means": {
    "shape": [
      240100,
      3
    ],
    "dtype": "float32",
    "mins": [
      -0.40421247482299805,
      -0.36788368225097656,
      -0.2885003983974457
    ],
    "maxs": [
      0.3782534599304199,
      0.2849445044994354,
      0.18511062860488892
    ],
    "files": [
      "means_l.webp",
      "means_u.webp"
    ]
  },
  "scales": {
    "shape": [
      240100,
      3
    ],
    "dtype": "float32",
    "mins": [
      -20.0,
      -20.0,
      -19.999998092651367
    ],
    "maxs": [
      -4.3214311599731445,
      -4.3214311599731445,
      -4.3214311599731445
    ],
    "files": [
      "scales.webp"
    ]
  },
  "quats": {
    "shape": [
      240100,
      4
    ],
    "dtype": "uint8",
    "encoding": "quaternion_packed",
    "files": [
      "quats.webp"
    ]
  },
  "sh0": {
    "shape": [
      240100,
      1,
      4
    ],
    "dtype": "float32",
    "mins": [
      -7.914618492126465,
      -7.345597743988037,
      -19.99982452392578,
      -19.9575252532959
    ],
    "maxs": [
      7.160938262939453,
      7.55084753036499,
      9.513514518737793,
      15.401326179504395
    ],
    "files": [
      "sh0.webp"
    ]
  }
}