{
  "means": {
    "shape": [
      240100,
      3
    ],
    "dtype": "float32",
    "mins": [
      -0.3915931284427643,
      -0.38191789388656616,
      -0.26240137219429016
    ],
    "maxs": [
      0.329744428396225,
      0.2715068757534027,
      0.17856869101524353
    ],
    "files": [
      "means_l.webp",
      "means_u.webp"
    ]
  },
  "scales": {
    "shape": [
      240100,
      3
    ],
    "dtype": "float32",
    "mins": [
      -20.0,
      -20.0,
      -19.999998092651367
    ],
    "maxs": [
      -4.3214311599731445,
      -4.3214311599731445,
      -4.3214311599731445
    ],
    "files": [
      "scales.webp"
    ]
  },
  "quats": {
    "shape": [
      240100,
      4
    ],
    "dtype": "uint8",
    "encoding": "quaternion_packed",
    "files": [
      "quats.webp"
    ]
  },
  "sh0": {
    "shape": [
      240100,
      1,
      4
    ],
    "dtype": "float32",
    "mins": [
      -7.741108417510986,
      -7.8856987953186035,
      -19.999914169311523,
      -19.95833969116211
    ],
    "maxs": [
      7.8011932373046875,
      9.48222827911377,
      11.251665115356445,
      16.155723571777344
    ],
    "files": [
      "sh0.webp"
    ]
  }
}