{
  "means": {
    "shape": [
      240100,
      3
    ],
    "dtype": "float32",
    "mins": [
      -0.35403987765312195,
      -0.3840744197368622,
      -0.2116658091545105
    ],
    "maxs": [
      0.3385311961174011,
      0.2857982814311981,
      0.18570645153522491
    ],
    "files": [
      "means_l.webp",
      "means_u.webp"
    ]
  },
  "scales": {
    "shape": [
      240100,
      3
    ],
    "dtype": "float32",
    "mins": [
      -20.0,
      -20.0,
      -19.999998092651367
    ],
    "maxs": [
      -4.3214311599731445,
      -4.3214311599731445,
      -4.3214311599731445
    ],
    "files": [
      "scales.webp"
    ]
  },
  "quats": {
    "shape": [
      240100,
      4
    ],
    "dtype": "uint8",
    "encoding": "quaternion_packed",
    "files": [
      "quats.webp"
    ]
  },
  "sh0": {
    "shape": [
      240100,
      1,
      4
    ],
    "dtype": "float32",
    "mins": [
      -8.490015029907227,
      -7.412382125854492,
      -19.999835968017578,
      -19.949106216430664
    ],
    "maxs": [
      7.3450188636779785,
      7.256059169769287,
      10.012139320373535,
      15.204010009765625
    ],
    "files": [
      "sh0.webp"
    ]
  }
}