{
  "means": {
    "shape": [
      240100,
      3
    ],
    "dtype": "float32",
    "mins": [
      -0.38920465111732483,
      -0.3792945146560669,
      -0.22291752696037292
    ],
    "maxs": [
      0.3477911949157715,
      0.27222394943237305,
      0.18409794569015503
    ],
    "files": [
      "means_l.webp",
      "means_u.webp"
    ]
  },
  "scales": {
    "shape": [
      240100,
      3
    ],
    "dtype": "float32",
    "mins": [
      -20.0,
      -20.0,
      -19.999998092651367
    ],
    "maxs": [
      -4.3214311599731445,
      -4.3214311599731445,
      -4.3214311599731445
    ],
    "files": [
      "scales.webp"
    ]
  },
  "quats": {
    "shape": [
      240100,
      4
    ],
    "dtype": "uint8",
    "encoding": "quaternion_packed",
    "files": [
      "quats.webp"
    ]
  },
  "sh0": {
    "shape": [
      240100,
      1,
      4
    ],
    "dtype": "float32",
    "mins": [
      -7.455418586730957,
      -7.872276306152344,
      -19.999923706054688,
      -19.963481903076172
    ],
    "maxs": [
      7.900310516357422,
      8.962620735168457,
      10.920882225036621,
      15.668353080749512
    ],
    "files": [
      "sh0.webp"
    ]
  }
}